timestamp,RV,r
2016-05-24 00:00:00+00:00,0.003304953,-0.063706147
2016-05-25 00:00:00+00:00,0.004379692,-0.01260852
2016-05-26 00:00:00+00:00,0.002967326,-0.01116439
2016-05-27 00:00:00+00:00,0.024640775,-0.127250324
2016-05-28 00:00:00+00:00,0.015402918,0.090496493
2016-05-29 00:00:00+00:00,0.002585456,0.026274089
2016-05-30 00:00:00+00:00,0.006621725,0.042829702
2016-05-31 00:00:00+00:00,0.014162829,0.094745368
2016-06-01 00:00:00+00:00,0.012890314,-0.0163763
2016-06-02 00:00:00+00:00,0.002767242,0.007153106
2016-06-03 00:00:00+00:00,0.007217463,-0.003570157
2016-06-04 00:00:00+00:00,0.004033477,-0.002148229
2016-06-05 00:00:00+00:00,0.000458498,0.00643089
2016-06-06 00:00:00+00:00,0.000472626,0.012739026
2016-06-07 00:00:00+00:00,0.00198374,0.020877585
2016-06-08 00:00:00+00:00,0.001696159,0.008230499
2016-06-09 00:00:00+00:00,0.000396557,0.004770026
2016-06-10 00:00:00+00:00,0.002824597,-0.055919529
2016-06-11 00:00:00+00:00,0.001382023,0.013566791
2016-06-12 00:00:00+00:00,0.004416281,0.099813243
2016-06-13 00:00:00+00:00,0.007664189,0.138253857
2016-06-14 00:00:00+00:00,0.010343963,0.049082916
2016-06-15 00:00:00+00:00,0.003257336,-0.019887783
2016-06-16 00:00:00+00:00,0.005954321,0.130609103
2016-06-17 00:00:00+00:00,0.19755131,-0.293575217
2016-06-18 00:00:00+00:00,0.118261097,-0.296023475
2016-06-19 00:00:00+00:00,0.03818101,0.059208621
2016-06-20 00:00:00+00:00,0.04260667,-0.044709433
2016-06-21 00:00:00+00:00,0.051610203,0.162222527
2016-06-22 00:00:00+00:00,0.053144701,-0.052468628
2016-06-23 00:00:00+00:00,0.017811996,0.046692438
2016-06-24 00:00:00+00:00,0.017633248,0.052198026
2016-06-25 00:00:00+00:00,0.001668339,-0.012448294
2016-06-26 00:00:00+00:00,0.002943301,-0.024657818
2016-06-27 00:00:00+00:00,0.005344065,0.005689916
2016-06-28 00:00:00+00:00,0.014254092,-0.142282848
2016-06-29 00:00:00+00:00,0.006380976,0.0408547
2016-06-30 00:00:00+00:00,0.003558874,-0.019818326
2016-07-01 00:00:00+00:00,0.002700033,-0.012082306
2016-07-02 00:00:00+00:00,0.001263307,-0.020467354
2016-07-03 00:00:00+00:00,0.000663592,-0.005806736
2016-07-04 00:00:00+00:00,0.001695003,-0.045965538
2016-07-05 00:00:00+00:00,0.012576504,-0.07975239
2016-07-06 00:00:00+00:00,0.004490109,0.000942952
2016-07-07 00:00:00+00:00,0.005484552,-0.05124369
2016-07-08 00:00:00+00:00,0.005111212,0.125688215
2016-07-09 00:00:00+00:00,0.010931529,-0.037437527
2016-07-10 00:00:00+00:00,0.00098167,0.000907853
2016-07-11 00:00:00+00:00,0.003968918,-0.027600648
2016-07-12 00:00:00+00:00,0.002933873,-0.014091356
2016-07-13 00:00:00+00:00,0.000898614,-0.007597377
2016-07-14 00:00:00+00:00,0.004782485,0.102305329
2016-07-15 00:00:00+00:00,0.005797918,0.031345218
2016-07-16 00:00:00+00:00,0.002562268,-0.015973438
2016-07-17 00:00:00+00:00,0.003917907,-0.040645456
2016-07-18 00:00:00+00:00,0.003680369,-0.025023647
2016-07-19 00:00:00+00:00,0.003340531,0.061422813
2016-07-20 00:00:00+00:00,0.018735012,0.061875404
2016-07-21 00:00:00+00:00,0.007107464,0.020586634
2016-07-22 00:00:00+00:00,0.012991077,0.150336878
2016-07-23 00:00:00+00:00,0.008645305,-0.021125147
2016-07-24 00:00:00+00:00,0.021445901,-0.12764556
2016-07-25 00:00:00+00:00,0.006498593,0.084726557
2016-07-26 00:00:00+00:00,0.013332826,-0.147701356
2016-07-27 00:00:00+00:00,0.017308236,0.08770558
2016-07-28 00:00:00+00:00,0.004339177,-0.013062037
2016-07-29 00:00:00+00:00,0.002048923,-0.006984895
2016-07-30 00:00:00+00:00,0.001320665,-0.027636974
2016-07-31 00:00:00+00:00,0.005338832,-0.040855355
2016-08-01 00:00:00+00:00,0.009946346,-0.090733513
2016-08-02 00:00:00+00:00,0.051598145,-0.220863049
2016-08-03 00:00:00+00:00,0.056869497,0.195896426
2016-08-04 00:00:00+00:00,0.014727808,0.058198239
2016-08-05 00:00:00+00:00,0.006048728,-0.012444605
2016-08-06 00:00:00+00:00,0.010174496,-0.015322517
2016-08-07 00:00:00+00:00,0.002387812,-0.001818182
2016-08-08 00:00:00+00:00,0.00125588,0.03135053
2016-08-09 00:00:00+00:00,0.004117014,0.079635624
2016-08-10 00:00:00+00:00,0.009678146,-0.005716635
2016-08-11 00:00:00+00:00,0.002318539,-0.040105625
2016-08-12 00:00:00+00:00,0.000789649,0.006796968
2016-08-13 00:00:00+00:00,0.000586831,-0.017079835
2016-08-14 00:00:00+00:00,0.001314619,-0.02883555
2016-08-15 00:00:00+00:00,0.000823359,0.00177148
2016-08-16 00:00:00+00:00,0.00074318,-0.010676258
2016-08-17 00:00:00+00:00,0.001212977,-0.032730194
2016-08-18 00:00:00+00:00,0.001245859,-0.004631782
2016-08-19 00:00:00+00:00,0.000960153,0
2016-08-20 00:00:00+00:00,0.001030445,0.048038235
2016-08-21 00:00:00+00:00,0.001226907,-0.007996489
2016-08-22 00:00:00+00:00,0.001065014,-0.009861129
2016-08-23 00:00:00+00:00,0.000850945,-0.009049836
2016-08-24 00:00:00+00:00,0.000839435,0.000908678
2016-08-25 00:00:00+00:00,0.000945485,0.029532348
2016-08-26 00:00:00+00:00,0.001030416,-0.005305052
2016-08-27 00:00:00+00:00,0.000626861,-0.008904778
2016-08-28 00:00:00+00:00,0.000755125,-0.015322517
2016-08-29 00:00:00+00:00,0.000990174,-0.005464494
2016-08-30 00:00:00+00:00,0.001214384,0.023466781
2016-08-31 00:00:00+00:00,0.000957451,0.042782605
2016-09-01 00:00:00+00:00,0.002413257,0.029475818
2016-09-02 00:00:00+00:00,0.001207909,0.00826451
2016-09-03 00:00:00+00:00,0.003649164,-0.022472856
2016-09-04 00:00:00+00:00,0.001062277,-0.009302393
2016-09-05 00:00:00+00:00,0.001085904,-0.000849979
2016-09-06 00:00:00+00:00,0.001219214,-0.004260765
2016-09-07 00:00:00+00:00,0.000943879,-0.011163705
2016-09-08 00:00:00+00:00,0.001203299,-0.016543695
2016-09-09 00:00:00+00:00,0.000866573,0.021711665
2016-09-10 00:00:00+00:00,0.000849943,0.047807846
2016-09-11 00:00:00+00:00,0.001319675,-0.046949108
2016-09-12 00:00:00+00:00,0.000776123,0.017865214
2016-09-13 00:00:00+00:00,0.000787392,0.005046268
2016-09-14 00:00:00+00:00,0.000592244,-0.000839278
2016-09-15 00:00:00+00:00,0.000380605,0.004189365
2016-09-16 00:00:00+00:00,0.002014142,0.050540503
2016-09-17 00:00:00+00:00,0.001346751,0.016555364
2016-09-18 00:00:00+00:00,0.002028632,-0.011797227
2016-09-19 00:00:00+00:00,0.002771617,0.041075127
2016-09-20 00:00:00+00:00,0.006350079,0.100336527
2016-09-21 00:00:00+00:00,0.009762711,-0.05651221
2016-09-22 00:00:00+00:00,0.004067116,-0.040034998
2016-09-23 00:00:00+00:00,0.000556837,0.011282557
2016-09-24 00:00:00+00:00,0.001430635,-0.030374393
2016-09-25 00:00:00+00:00,0.00074514,0.011498785
2016-09-26 00:00:00+00:00,0.000919998,-0.021572485
2016-09-27 00:00:00+00:00,0.000736633,0.019283282
2016-09-28 00:00:00+00:00,0.000775368,0.017418085
2016-09-29 00:00:00+00:00,0.000626755,-0.015891367
2016-09-30 00:00:00+00:00,0.000486249,0.00911168
2016-10-01 00:00:00+00:00,0.000372535,-0.000756144
2016-10-02 00:00:00+00:00,0.000318513,0.00452831
2016-10-03 00:00:00+00:00,0.000353617,0.017171008
2016-10-04 00:00:00+00:00,0.001018951,-0.013413018
2016-10-05 00:00:00+00:00,0.000713928,-0.018168554
2016-10-06 00:00:00+00:00,0.000994951,-0.016949558
2016-10-07 00:00:00+00:00,0.001286694,-0.013297028
2016-10-08 00:00:00+00:00,0.002177783,-0.035260063
2016-10-09 00:00:00+00:00,0.000951718,-0.013136478
2016-10-10 00:00:00+00:00,0.001303554,-0.026802274
2016-10-11 00:00:00+00:00,0.002235881,-0.000849257
2016-10-12 00:00:00+00:00,0.000979145,0.01266374
2016-10-13 00:00:00+00:00,0.000963096,-0.004203453
2016-10-14 00:00:00+00:00,0.000538508,0.004203453
2016-10-15 00:00:00+00:00,0.000242213,0.002513617
2016-10-16 00:00:00+00:00,0.00018292,0
2016-10-17 00:00:00+00:00,0.000286851,0.00083647
2016-10-18 00:00:00+00:00,0.0018635,0.048152917
2016-10-19 00:00:00+00:00,0.00101432,-0.043981029
2016-10-20 00:00:00+00:00,0.00066975,0.004154555
2016-10-21 00:00:00+00:00,0.000307913,-0.000829531
2016-10-22 00:00:00+00:00,0.000236241,-0.00166113
2016-10-23 00:00:00+00:00,0.000210236,-0.007509422
2016-10-24 00:00:00+00:00,0.000157636,-0.001676446
2016-10-25 00:00:00+00:00,0.002514704,-0.050763587
2016-10-26 00:00:00+00:00,0.001332247,0.014023017
2016-10-27 00:00:00+00:00,0.001364252,-0.000870701
2016-10-28 00:00:00+00:00,0.001313634,-0.030962226
2016-10-29 00:00:00+00:00,0.008860055,-0.06113014
2016-10-30 00:00:00+00:00,0.00355473,0.066506497
2016-10-31 00:00:00+00:00,0.002026046,-0.019856248
2016-11-01 00:00:00+00:00,0.00472373,-0.011921278
2016-11-02 00:00:00+00:00,0.001861693,-0.001846723
2016-11-03 00:00:00+00:00,0.001428131,0.004610428
2016-11-04 00:00:00+00:00,0.001001933,0.025432797
2016-11-05 00:00:00+00:00,0.000476342,0.000896459
2016-11-06 00:00:00+00:00,0.000295184,-0.013532006
2016-11-07 00:00:00+00:00,0.000477536,-0.007292649
2016-11-08 00:00:00+00:00,0.000446704,-0.008268306
2016-11-09 00:00:00+00:00,0.003197364,-0.02050398
2016-11-10 00:00:00+00:00,0.000592789,-0.010411831
2016-11-11 00:00:00+00:00,0.00222528,-0.021154635
2016-11-12 00:00:00+00:00,0.002487138,-0.033599999
2016-11-13 00:00:00+00:00,0.002247152,0.018915447
2016-11-14 00:00:00+00:00,0.001592237,-0.012903405
2016-11-15 00:00:00+00:00,0.001435659,0.024668246
2016-11-16 00:00:00+00:00,0.001412002,-0.024668246
2016-11-17 00:00:00+00:00,0.00161309,-0.010040245
2016-11-18 00:00:00+00:00,0.003097767,-0.041200472
2016-11-19 00:00:00+00:00,0.000864253,0.017718025
2016-11-20 00:00:00+00:00,0.001045363,-0.008298803
2016-11-21 00:00:00+00:00,0.000905934,-0.006269613
2016-11-22 00:00:00+00:00,0.002532265,0.034006368
2016-11-23 00:00:00+00:00,0.000853449,-0.007117468
2016-11-24 00:00:00+00:00,0.003788062,-0.065355181
2016-11-25 00:00:00+00:00,0.001568211,0.023682485
2016-11-26 00:00:00+00:00,0.000759438,-0.007474674
2016-11-27 00:00:00+00:00,0.001925622,-0.038235133
2016-11-28 00:00:00+00:00,0.002381048,-0.035131092
2016-11-29 00:00:00+00:00,0.006274533,-0.063078611
2016-11-30 00:00:00+00:00,0.004521412,0.054972023
2016-12-01 00:00:00+00:00,0.00187158,-0.017595762
2016-12-02 00:00:00+00:00,0.009011046,-0.089057579
2016-12-03 00:00:00+00:00,0.004563072,0.016677744
2016-12-04 00:00:00+00:00,0.003065873,-0.0643689
2016-12-05 00:00:00+00:00,0.005093265,-0.087875201
2016-12-06 00:00:00+00:00,0.030057182,0.148420005
2016-12-07 00:00:00+00:00,0.011414904,0.064299029
2016-12-08 00:00:00+00:00,0.004490182,-0.018127385
2016-12-09 00:00:00+00:00,0.004998833,0.032396354
2016-12-10 00:00:00+00:00,0.001376659,-0.039740329
2016-12-11 00:00:00+00:00,0.001227724,0.010995835
2016-12-12 00:00:00+00:00,0.002851137,0.033455928
2016-12-13 00:00:00+00:00,0.001389816,-0.011820469
2016-12-14 00:00:00+00:00,0.001068935,-0.02042113
2016-12-15 00:00:00+00:00,0.003361541,-0.051037834
2016-12-16 00:00:00+00:00,0.001856462,0.001276324
2016-12-17 00:00:00+00:00,0.002295528,0.001274697
2016-12-18 00:00:00+00:00,0.001809789,0.008877674
2016-12-19 00:00:00+00:00,0.001138452,-0.035993603
2016-12-20 00:00:00+00:00,0.001223602,0
2016-12-21 00:00:00+00:00,0.001551294,0.034730179
2016-12-22 00:00:00+00:00,0.004020103,-0.046580219
2016-12-23 00:00:00+00:00,0.004570521,-0.057236329
2016-12-24 00:00:00+00:00,0.002662843,0.012543718
2016-12-25 00:00:00+00:00,0.001989397,-0.004163781
2016-12-26 00:00:00+00:00,0.001666361,0.009688657
2016-12-27 00:00:00+00:00,0.002921181,-0.013869848
2016-12-28 00:00:00+00:00,0.004481947,0.059638266
2016-12-29 00:00:00+00:00,0.008763944,0.086901722
2016-12-30 00:00:00+00:00,0.002343713,-0.009697046
2016-12-31 00:00:00+00:00,0.001263578,-0.006108754
2017-01-01 00:00:00+00:00,0.002389673,0.002447982
2017-01-02 00:00:00+00:00,0.001811988,0.024155764
2017-01-03 00:00:00+00:00,0.006403244,0.134872974
2017-01-04 00:00:00+00:00,0.004934958,0.152510724
2017-01-05 00:00:00+00:00,0.018225287,-0.087907033
2017-01-06 00:00:00+00:00,0.006725571,-0.008836582
2017-01-07 00:00:00+00:00,0.004522713,-0.021935077
2017-01-08 00:00:00+00:00,0.001744525,0.056822336
2017-01-09 00:00:00+00:00,0.004036786,-0.009569451
2017-01-10 00:00:00+00:00,0.001953794,0.021874386
2017-01-11 00:00:00+00:00,0.007094578,-0.066107641
2017-01-12 00:00:00+00:00,0.003735679,-0.015190165
2017-01-13 00:00:00+00:00,0.001616934,0.004073325
2017-01-14 00:00:00+00:00,0.000610427,0.002030458
2017-01-15 00:00:00+00:00,0.000582165,0.004048589
2017-01-16 00:00:00+00:00,0.000967797,-0.024541109
2017-01-17 00:00:00+00:00,0.00125617,0.068026221
2017-01-18 00:00:00+00:00,0.001619841,-0.010695289
2017-01-19 00:00:00+00:00,0.000675858,0.018402456
2017-01-20 00:00:00+00:00,0.000969918,0.019953156
2017-01-21 00:00:00+00:00,0.001681099,0.02783111
2017-01-22 00:00:00+00:00,0.0008559,-0.014746811
2017-01-23 00:00:00+00:00,0.000739584,0.002781643
2017-01-24 00:00:00+00:00,0.000500085,-0.021526334
2017-01-25 00:00:00+00:00,0.000531158,-0.00189394
2017-01-26 00:00:00+00:00,0.000520782,0.004728141
2017-01-27 00:00:00+00:00,0.000445758,-0.004728141
2017-01-28 00:00:00+00:00,0.000208077,0.002839567
2017-01-29 00:00:00+00:00,0.000166333,-0.008543004
2017-01-30 00:00:00+00:00,0.000333973,0.010431579
2017-01-31 00:00:00+00:00,0.000519121,0.00938974
2017-02-01 00:00:00+00:00,0.000689354,0.001867414
2017-02-02 00:00:00+00:00,0.000643179,0.009285118
2017-02-03 00:00:00+00:00,0.000543468,0.015589495
2017-02-04 00:00:00+00:00,0.00097812,0.037504395
2017-02-05 00:00:00+00:00,0.000592708,-0.013233541
2017-02-06 00:00:00+00:00,0.000497307,0.007079676
2017-02-07 00:00:00+00:00,0.000377698,0.014879924
2017-02-08 00:00:00+00:00,0.000983925,-0.008726059
2017-02-09 00:00:00+00:00,0.003111116,-0.035686213
2017-02-10 00:00:00+00:00,0.00178072,0.037437527
2017-02-11 00:00:00+00:00,0.000593115,0.007843177
2017-02-12 00:00:00+00:00,0.000310542,-0.00173762
2017-02-13 00:00:00+00:00,0.000820512,-0.006105558
2017-02-14 00:00:00+00:00,0.005408643,0.139419535
2017-02-15 00:00:00+00:00,0.001724651,-0.012251302
2017-02-16 00:00:00+00:00,0.000786626,-0.0061824
2017-02-17 00:00:00+00:00,0.000577602,-0.01169604
2017-02-18 00:00:00+00:00,0.000373809,0.010920545
2017-02-19 00:00:00+00:00,0.000249612,0.000775494
2017-02-20 00:00:00+00:00,0.000408822,-0.022737161
2017-02-21 00:00:00+00:00,0.001280239,0.017296029
2017-02-22 00:00:00+00:00,0.000470134,-0.006254907
2017-02-23 00:00:00+00:00,0.000296933,0.035442847
2017-02-24 00:00:00+00:00,0.002520476,-0.001515152
2017-02-25 00:00:00+00:00,0.001279752,0.034280555
2017-02-26 00:00:00+00:00,0.001268689,0.076825365
2017-02-27 00:00:00+00:00,0.002410825,0.060544804
2017-02-28 00:00:00+00:00,0.007442629,0.035135358
2017-03-01 00:00:00+00:00,0.00334963,0.068499532
2017-03-02 00:00:00+00:00,0.006004552,0.103804902
2017-03-03 00:00:00+00:00,0.011089349,0.015959155
2017-03-04 00:00:00+00:00,0.002697097,-0.048662491
2017-03-05 00:00:00+00:00,0.002578383,0.03942692
2017-03-06 00:00:00+00:00,0.000928821,0.013821566
2017-03-07 00:00:00+00:00,0.003716681,-0.036763136
2017-03-08 00:00:00+00:00,0.00624153,-0.1287208
2017-03-09 00:00:00+00:00,0.004266784,0.066710725
2017-03-10 00:00:00+00:00,0.019989139,0.075629982
2017-03-11 00:00:00+00:00,0.005117497,0.119054051
2017-03-12 00:00:00+00:00,0.009129579,0.077303126
2017-03-13 00:00:00+00:00,0.039016817,0.202495762
2017-03-14 00:00:00+00:00,0.00711189,0.001744288
2017-03-15 00:00:00+00:00,0.007253691,0.217761369
2017-03-16 00:00:00+00:00,0.040037832,0.253461454
2017-03-17 00:00:00+00:00,0.11041325,-0.029589264
2017-03-18 00:00:00+00:00,0.058621719,-0.277129846
2017-03-19 00:00:00+00:00,0.052732149,0.245019607
2017-03-20 00:00:00+00:00,0.009440306,-0.021048485
2017-03-21 00:00:00+00:00,0.002342689,0.001181056
2017-03-22 00:00:00+00:00,0.005977067,-0.02364854
2017-03-23 00:00:00+00:00,0.003091623,0.038178911
2017-03-24 00:00:00+00:00,0.009137363,0.208235395
2017-03-25 00:00:00+00:00,0.0136675,-0.04501871
2017-03-26 00:00:00+00:00,0.003529203,0.001579779
2017-03-27 00:00:00+00:00,0.002716696,-0.03432349
2017-03-28 00:00:00+00:00,0.002498241,0.026797211
2017-03-29 00:00:00+00:00,0.003600963,0.054360157
2017-03-30 00:00:00+00:00,0.001020229,-0.023624646
2017-03-31 00:00:00+00:00,0.004732433,-0.033124047
2017-04-01 00:00:00+00:00,0.002304149,0.010506589
2017-04-02 00:00:00+00:00,0.007147862,-0.039623082
2017-04-03 00:00:00+00:00,0.018142618,-0.096644677
2017-04-04 00:00:00+00:00,0.00962713,0.004959433
2017-04-05 00:00:00+00:00,0.004438423,0.008285794
2017-04-06 00:00:00+00:00,0.006050318,-0.034947963
2017-04-07 00:00:00+00:00,0.002706481,-0.022892847
2017-04-08 00:00:00+00:00,0.005177136,0.049105174
2017-04-09 00:00:00+00:00,0.001653103,-0.011539895
2017-04-10 00:00:00+00:00,0.001342608,-0.00045527
2017-04-11 00:00:00+00:00,0.000657862,-0.002051283
2017-04-12 00:00:00+00:00,0.003037342,0.058703598
2017-04-13 00:00:00+00:00,0.004379677,0.06839028
2017-04-14 00:00:00+00:00,0.001972983,-0.0530185
2017-04-15 00:00:00+00:00,0.001592606,0.036201165
2017-04-16 00:00:00+00:00,0.000906166,-0.016689375
2017-04-17 00:00:00+00:00,0.000599271,-0.003955454
2017-04-18 00:00:00+00:00,0.000724681,0.037863932
2017-04-19 00:00:00+00:00,0.002680703,-0.041207019
2017-04-20 00:00:00+00:00,0.001193861,0.032938342
2017-04-21 00:00:00+00:00,0.000517232,-0.020665697
2017-04-22 00:00:00+00:00,0.000309181,0.004949484
2017-04-23 00:00:00+00:00,0.000331232,0.007174367
2017-04-24 00:00:00+00:00,0.000286122,0.024014876
2017-04-25 00:00:00+00:00,0.000333827,0.00318535
2017-04-26 00:00:00+00:00,0.00119111,0.059981343
2017-04-27 00:00:00+00:00,0.005159987,0.175214117
2017-04-28 00:00:00+00:00,0.012190919,0.138976088
2017-04-29 00:00:00+00:00,0.004307529,-0.038466281
2017-04-30 00:00:00+00:00,0.004364523,0.138191588
2017-05-01 00:00:00+00:00,0.01413058,-0.019871928
2017-05-02 00:00:00+00:00,0.004725887,-0.021305903
2017-05-03 00:00:00+00:00,0.002214635,0.047100118
2017-05-04 00:00:00+00:00,0.00663009,0.166012635
2017-05-05 00:00:00+00:00,0.005837314,-0.043008225
2017-05-06 00:00:00+00:00,0.00164389,0.041444014
2017-05-07 00:00:00+00:00,0.002307541,-0.021093379
2017-05-08 00:00:00+00:00,0.005983316,-0.049936632
2017-05-09 00:00:00+00:00,0.012395797,-0.028987537
2017-05-10 00:00:00+00:00,0.002935584,0.018965495
2017-05-11 00:00:00+00:00,0.002291874,-0.000679271
2017-05-12 00:00:00+00:00,0.004552197,-0.036090848
2017-05-13 00:00:00+00:00,0.002729292,0.037448929
2017-05-14 00:00:00+00:00,0.00084638,0.011022494
2017-05-15 00:00:00+00:00,0.002197909,0.017738824
2017-05-16 00:00:00+00:00,0.001118869,-0.033863659
2017-05-17 00:00:00+00:00,0.002847667,-0.012467991
2017-05-18 00:00:00+00:00,0.002199058,0.101901502
2017-05-19 00:00:00+00:00,0.010692522,0.261804376
2017-05-20 00:00:00+00:00,0.00452694,-0.0109405
2017-05-21 00:00:00+00:00,0.00919076,0.185309888
2017-05-22 00:00:00+00:00,0.055192259,0.073882332
2017-05-23 00:00:00+00:00,0.012292313,0.058842283
2017-05-24 00:00:00+00:00,0.008573634,0.143092997
2017-05-25 00:00:00+00:00,0.049101319,-0.077165081
2017-05-26 00:00:00+00:00,0.031123897,-0.102670534
2017-05-27 00:00:00+00:00,0.066612419,-0.023973963
2017-05-28 00:00:00+00:00,0.014273746,0.092913919
2017-05-29 00:00:00+00:00,0.005842633,0.104704956
2017-05-30 00:00:00+00:00,0.018546317,0.160137343
2017-05-31 00:00:00+00:00,0.012447092,0.001965796
2017-06-01 00:00:00+00:00,0.011309356,-0.032061276
2017-06-02 00:00:00+00:00,0.002448833,0.000450532
2017-06-03 00:00:00+00:00,0.001162426,0.013155729
2017-06-04 00:00:00+00:00,0.002591704,0.087418792
2017-06-05 00:00:00+00:00,0.0005294,0.010131799
2017-06-06 00:00:00+00:00,0.005115021,0.06339119
2017-06-07 00:00:00+00:00,0.002616584,-0.033088849
2017-06-08 00:00:00+00:00,0.001006598,0.011706047
2017-06-09 00:00:00+00:00,0.000944746,0.077135729
2017-06-10 00:00:00+00:00,0.009620367,0.196931423
2017-06-11 00:00:00+00:00,0.009445492,0.008255316
2017-06-12 00:00:00+00:00,0.054655346,0.147108235
2017-06-13 00:00:00+00:00,0.009193307,-0.023862497
2017-06-14 00:00:00+00:00,0.018238131,-0.127072181
2017-06-15 00:00:00+00:00,0.061596269,0.005865119
2017-06-16 00:00:00+00:00,0.008574882,0.030232828
2017-06-17 00:00:00+00:00,0.001936689,0.040711335
2017-06-18 00:00:00+00:00,0.004797001,-0.047537494
2017-06-19 00:00:00+00:00,0.001691862,0.019309314
2017-06-20 00:00:00+00:00,0.00782422,-0.021898994
2017-06-21 00:00:00+00:00,0.030655265,-0.075529343
2017-06-22 00:00:00+00:00,0.005131491,-0.016702432
2017-06-23 00:00:00+00:00,0.000788696,0.021362587
2017-06-24 00:00:00+00:00,0.002909797,-0.071074994
2017-06-25 00:00:00+00:00,0.018655136,-0.089288935
2017-06-26 00:00:00+00:00,0.03590863,-0.098010508
2017-06-27 00:00:00+00:00,0.026214746,0.128946459
2017-06-28 00:00:00+00:00,0.017775724,0.093269893
2017-06-29 00:00:00+00:00,0.008774814,-0.07358605
2017-06-30 00:00:00+00:00,0.005645659,-0.045140917
2017-07-01 00:00:00+00:00,0.00659635,-0.062250827
2017-07-02 00:00:00+00:00,0.006096655,0.079878978
2017-07-03 00:00:00+00:00,0.00254738,-0.030748633
2017-07-04 00:00:00+00:00,0.001569351,-0.02628595
2017-07-05 00:00:00+00:00,0.002862549,-0.010943766
2017-07-06 00:00:00+00:00,0.00132478,-0.00097693
2017-07-07 00:00:00+00:00,0.00518623,-0.097907437
2017-07-08 00:00:00+00:00,0.003972371,0.022424946
2017-07-09 00:00:00+00:00,0.001302612,-0.032383154
2017-07-10 00:00:00+00:00,0.016708479,-0.163152171
2017-07-11 00:00:00+00:00,0.02819882,-0.06254898
2017-07-12 00:00:00+00:00,0.012402633,0.161902136
2017-07-13 00:00:00+00:00,0.007929608,-0.088859262
2017-07-14 00:00:00+00:00,0.006419224,-0.038639419
2017-07-15 00:00:00+00:00,0.007920244,-0.162074638
2017-07-16 00:00:00+00:00,0.04368796,-0.074686025
2017-07-17 00:00:00+00:00,0.019694183,0.203982671
2017-07-18 00:00:00+00:00,0.022478094,0.173401501
2017-07-19 00:00:00+00:00,0.025558281,-0.153328734
2017-07-20 00:00:00+00:00,0.018548316,0.149135115
2017-07-21 00:00:00+00:00,0.006577911,-0.042748116
2017-07-22 00:00:00+00:00,0.002721795,0.063022483
2017-07-23 00:00:00+00:00,0.002270147,-0.010370463
2017-07-24 00:00:00+00:00,0.000767687,-0.010434877
2017-07-25 00:00:00+00:00,0.00914437,-0.103228497
2017-07-26 00:00:00+00:00,0.00641597,-0.002702638
2017-07-27 00:00:00+00:00,0.00117563,-0.001427974
2017-07-28 00:00:00+00:00,0.00274113,-0.062103985
2017-07-29 00:00:00+00:00,0.006396309,0.07658423
2017-07-30 00:00:00+00:00,0.003216918,-0.044440725
2017-07-31 00:00:00+00:00,0.001531339,0.019459095
2017-08-01 00:00:00+00:00,0.009762008,0.11693061
2017-08-02 00:00:00+00:00,0.001858003,-0.035211572
2017-08-03 00:00:00+00:00,0.000560123,0.027518029
2017-08-04 00:00:00+00:00,0.000843845,-0.014751122
2017-08-05 00:00:00+00:00,0.005376875,0.131938742
2017-08-06 00:00:00+00:00,0.003227425,0.046963904
2017-08-07 00:00:00+00:00,0.001891303,0.022253944
2017-08-08 00:00:00+00:00,0.00207211,0.092105211
2017-08-09 00:00:00+00:00,0.010961928,-0.002300407
2017-08-10 00:00:00+00:00,0.002001903,0.017657983
2017-08-11 00:00:00+00:00,0.000960421,0.02992832
2017-08-12 00:00:00+00:00,0.002023377,-0.004207126
2017-08-13 00:00:00+00:00,0.005258908,-0.0386488
2017-08-14 00:00:00+00:00,0.001661214,0.008391845
2017-08-15 00:00:00+00:00,0.005049199,-0.042507295
2017-08-16 00:00:00+00:00,0.001708363,0.046810099
2017-08-17 00:00:00+00:00,0.00113026,0.000731967
2017-08-18 00:00:00+00:00,0.001585964,-0.026284493
2017-08-19 00:00:00+00:00,0.001385579,0.00242135
2017-08-20 00:00:00+00:00,0.000459648,0.014238366
2017-08-21 00:00:00+00:00,0.006939185,0.078163005
2017-08-22 00:00:00+00:00,0.007498142,-0.024553647
2017-08-23 00:00:00+00:00,0.001054772,0.01047992
2017-08-24 00:00:00+00:00,0.000636185,0.021992601
2017-08-25 00:00:00+00:00,0.000981239,0.017046388
2017-08-26 00:00:00+00:00,0.00056001,0.008595653
2017-08-27 00:00:00+00:00,0.000475663,0.044664568
2017-08-28 00:00:00+00:00,0.000757687,-0.001897261
2017-08-29 00:00:00+00:00,0.001657359,0.069303579
2017-08-30 00:00:00+00:00,0.001986148,0.03071959
2017-08-31 00:00:00+00:00,0.000390964,0.013190415
2017-09-01 00:00:00+00:00,0.000719075,0.009385418
2017-09-02 00:00:00+00:00,0.009782384,-0.101727243
2017-09-03 00:00:00+00:00,0.002791516,-0.005113511
2017-09-04 00:00:00+00:00,0.01507005,-0.108177978
2017-09-05 00:00:00+00:00,0.010294933,0.010110929
2017-09-06 00:00:00+00:00,0.003056827,0.058549459
2017-09-07 00:00:00+00:00,0.001425212,-0.011319646
2017-09-08 00:00:00+00:00,0.007596223,-0.085830874
2017-09-09 00:00:00+00:00,0.00277887,-0.009690915
2017-09-10 00:00:00+00:00,0.002406484,-0.015397119
2017-09-11 00:00:00+00:00,0.003022128,-0.006212445
2017-09-12 00:00:00+00:00,0.003722815,-0.013390422
2017-09-13 00:00:00+00:00,0.00943605,-0.065929414
2017-09-14 00:00:00+00:00,0.015420315,-0.208373404
2017-09-15 00:00:00+00:00,0.032112322,0.15247085
2017-09-16 00:00:00+00:00,0.007980308,-0.018894785
2017-09-17 00:00:00+00:00,0.003164073,0.014820834
2017-09-18 00:00:00+00:00,0.005815877,0.137720404
2017-09-19 00:00:00+00:00,0.004338953,-0.052318192
2017-09-20 00:00:00+00:00,0.001312153,0.002472102
2017-09-21 00:00:00+00:00,0.005971819,-0.093861545
2017-09-22 00:00:00+00:00,0.003134741,0.022108604
2017-09-23 00:00:00+00:00,0.001856592,0.080602246
2017-09-24 00:00:00+00:00,0.003228698,-0.009908028
2017-09-25 00:00:00+00:00,0.001299209,0.038784682
2017-09-26 00:00:00+00:00,0.000462601,-0.01934283
2017-09-27 00:00:00+00:00,0.000889259,0.070457786
2017-09-28 00:00:00+00:00,0.000931318,-0.024569173
2017-09-29 00:00:00+00:00,0.002714202,-0.035176377
2017-09-30 00:00:00+00:00,0.000512103,0.032659403
2017-10-01 00:00:00+00:00,0.00023835,0.005555386
2017-10-02 00:00:00+00:00,0.000395802,-0.021667514
2017-10-03 00:00:00+00:00,0.000604087,-0.014904114
2017-10-04 00:00:00+00:00,0.000370263,-0.001232117
2017-10-05 00:00:00+00:00,0.000386326,0.009848603
2017-10-06 00:00:00+00:00,0.000340265,0.04262037
2017-10-07 00:00:00+00:00,0.000502999,0.010955915
2017-10-08 00:00:00+00:00,0.000178994,-0.006190373
2017-10-09 00:00:00+00:00,0.00260043,-0.040256178
2017-10-10 00:00:00+00:00,0.000815037,0.00332779
2017-10-11 00:00:00+00:00,0.000310627,0.013367088
2017-10-12 00:00:00+00:00,0.000670883,0.000397272
2017-10-13 00:00:00+00:00,0.004571135,0.105959436
2017-10-14 00:00:00+00:00,0.000790064,0.007356246
2017-10-15 00:00:00+00:00,0.001875442,-0.004680381
2017-10-16 00:00:00+00:00,0.002548691,-0.008258719
2017-10-17 00:00:00+00:00,0.001140735,-0.054288457
2017-10-18 00:00:00+00:00,0.003264386,-0.008826015
2017-10-19 00:00:00+00:00,0.001223322,-0.017921684
2017-10-20 00:00:00+00:00,0.000731161,-0.015936983
2017-10-21 00:00:00+00:00,0.001042166,-0.010445258
2017-10-22 00:00:00+00:00,0.000748774,-0.016332655
2017-10-23 00:00:00+00:00,0.001497468,-0.032052592
2017-10-24 00:00:00+00:00,0.004630465,0.03830124
2017-10-25 00:00:00+00:00,0.001220758,-0.000774737
2017-10-26 00:00:00+00:00,0.000393486,-0.002631847
2017-10-27 00:00:00+00:00,0.000386615,0.005290394
2017-10-28 00:00:00+00:00,0.000302166,-0.00823411
2017-10-29 00:00:00+00:00,0.001226398,0.027637977
2017-10-30 00:00:00+00:00,0.000252281,0.01143806
2017-10-31 00:00:00+00:00,0.000206442,-0.011009646
2017-11-01 00:00:00+00:00,0.000663502,-0.042434993
2017-11-02 00:00:00+00:00,0.004317651,-0.01908786
2017-11-03 00:00:00+00:00,0.001630879,0.069693397
2017-11-04 00:00:00+00:00,0.00071233,-0.014284547
2017-11-05 00:00:00+00:00,0.000421869,-0.017017277
2017-11-06 00:00:00+00:00,0.000661458,0.002525722
2017-11-07 00:00:00+00:00,0.001108047,-0.016617875
2017-11-08 00:00:00+00:00,0.002137729,0.051616407
2017-11-09 00:00:00+00:00,0.001161791,0.040760936
2017-11-10 00:00:00+00:00,0.002308938,-0.073340763
2017-11-11 00:00:00+00:00,0.001811333,0.057533014
2017-11-12 00:00:00+00:00,0.00381211,-0.027587292
2017-11-13 00:00:00+00:00,0.001539697,0.027175411
2017-11-14 00:00:00+00:00,0.001716606,0.059901089
2017-11-15 00:00:00+00:00,0.000917208,-0.009687412
2017-11-16 00:00:00+00:00,0.000945027,-0.005227467
2017-11-17 00:00:00+00:00,0.000419678,0.006733219
2017-11-18 00:00:00+00:00,0.000480694,0.042103109
2017-11-19 00:00:00+00:00,0.00339399,0.022790815
2017-11-20 00:00:00+00:00,0.000720795,0.037772707
2017-11-21 00:00:00+00:00,0.002811415,-0.018445196
2017-11-22 00:00:00+00:00,0.000580975,0.054423849
2017-11-23 00:00:00+00:00,0.004107598,0.063140943
2017-11-24 00:00:00+00:00,0.005730141,0.146961135
2017-11-25 00:00:00+00:00,0.003711141,-0.008978999
2017-11-26 00:00:00+00:00,0.002192454,0.015349593
2017-11-27 00:00:00+00:00,0.002420237,0.007440761
2017-11-28 00:00:00+00:00,0.000784396,-0.019048195
2017-11-29 00:00:00+00:00,0.038330797,-0.076511215
2017-11-30 00:00:00+00:00,0.011439531,-2.30412E-05
2017-12-01 00:00:00+00:00,0.002655569,0.066452012
2017-12-02 00:00:00+00:00,0.001745351,-0.007531199
2017-12-03 00:00:00+00:00,0.002808032,0.010072059
2017-12-04 00:00:00+00:00,0.001746704,0.006900865
2017-12-05 00:00:00+00:00,0.000753125,-0.02359864
2017-12-06 00:00:00+00:00,0.002984837,-0.055780426
2017-12-07 00:00:00+00:00,0.006289742,0
2017-12-08 00:00:00+00:00,0.006304102,0.0691393
2017-12-09 00:00:00+00:00,0.017310568,0.045532857
2017-12-10 00:00:00+00:00,0.006722842,-0.080532478
2017-12-11 00:00:00+00:00,0.004126289,0.146276358
2017-12-12 00:00:00+00:00,0.021839199,0.282097007
2017-12-13 00:00:00+00:00,0.027151147,0.035921389
2017-12-14 00:00:00+00:00,0.007962141,-0.009781651
2017-12-15 00:00:00+00:00,0.009439809,-0.016460747
2017-12-16 00:00:00+00:00,0.002933516,0.01444456
2017-12-17 00:00:00+00:00,0.001725981,0.039830585
2017-12-18 00:00:00+00:00,0.00496071,0.070485015
2017-12-19 00:00:00+00:00,0.01258001,0.050869988
2017-12-20 00:00:00+00:00,0.017265898,-0.029201036
2017-12-21 00:00:00+00:00,0.005131548,-0.007350768
2017-12-22 00:00:00+00:00,0.089886628,-0.155638649
2017-12-23 00:00:00+00:00,0.008997371,0.071681878
2017-12-24 00:00:00+00:00,0.012078515,-0.050030015
2017-12-25 00:00:00+00:00,0.005157804,0.060482836
2017-12-26 00:00:00+00:00,0.001911162,0.01940536
2017-12-27 00:00:00+00:00,0.003003061,-0.020094322
2017-12-28 00:00:00+00:00,0.007065294,-0.028080146
2017-12-29 00:00:00+00:00,0.002200231,0.040035584
2017-12-30 00:00:00+00:00,0.004287737,-0.052510572
2017-12-31 00:00:00+00:00,0.001366834,0.042283393
2018-01-01 00:00:00+00:00,0.00184594,0.023676371
2018-01-02 00:00:00+00:00,0.007515394,0.130688205
2018-01-03 00:00:00+00:00,0.00329925,0.081350878
2018-01-04 00:00:00+00:00,0.003844547,0.011328414
2018-01-05 00:00:00+00:00,0.004079152,0.021134412
2018-01-06 00:00:00+00:00,0.001102401,0.037869856
2018-01-07 00:00:00+00:00,0.002578482,0.105151887
2018-01-08 00:00:00+00:00,0.018544321,0.016592335
2018-01-09 00:00:00+00:00,0.007159145,0.126247961
2018-01-10 00:00:00+00:00,0.013804678,-0.03395742
2018-01-11 00:00:00+00:00,0.02436535,-0.09229054
2018-01-12 00:00:00+00:00,0.006022558,0.102701775
2018-01-13 00:00:00+00:00,0.003252836,0.095332546
2018-01-14 00:00:00+00:00,0.004891879,-0.014944962
2018-01-15 00:00:00+00:00,0.002455212,-0.066093296
2018-01-16 00:00:00+00:00,0.062332109,-0.168437031
2018-01-17 00:00:00+00:00,0.056206713,-0.04928751
2018-01-18 00:00:00+00:00,0.015249902,-0.002220232
2018-01-19 00:00:00+00:00,0.005539794,0.01131248
2018-01-20 00:00:00+00:00,0.003259991,0.103013554
2018-01-21 00:00:00+00:00,0.008128136,-0.093726245
2018-01-22 00:00:00+00:00,0.008827802,-0.04637314
2018-01-23 00:00:00+00:00,0.007433854,-0.015778843
2018-01-24 00:00:00+00:00,0.003374654,0.071524141
2018-01-25 00:00:00+00:00,0.003322207,-0.016204533
2018-01-26 00:00:00+00:00,0.00376095,0.005341478
2018-01-27 00:00:00+00:00,0.001892861,0.050747989
2018-01-28 00:00:00+00:00,0.003185324,0.099442127
2018-01-29 00:00:00+00:00,0.002748635,-0.044377318
2018-01-30 00:00:00+00:00,0.006632687,-0.097412589
2018-01-31 00:00:00+00:00,0.004040984,0.046891984
2018-02-01 00:00:00+00:00,0.012739796,-0.082525403
2018-02-02 00:00:00+00:00,0.051102991,-0.109444271
2018-02-03 00:00:00+00:00,0.007396208,0.061037333
2018-02-04 00:00:00+00:00,0.010085766,-0.159090306
2018-02-05 00:00:00+00:00,0.03152195,-0.175778101
2018-02-06 00:00:00+00:00,0.047829691,0.122383244
2018-02-07 00:00:00+00:00,0.014656328,-0.044065622
2018-02-08 00:00:00+00:00,0.006996569,0.079373802
2018-02-09 00:00:00+00:00,0.003185111,0.075854335
2018-02-10 00:00:00+00:00,0.004485237,-0.03074205
2018-02-11 00:00:00+00:00,0.004318494,-0.045913099
2018-02-12 00:00:00+00:00,0.002394509,0.063336098
2018-02-13 00:00:00+00:00,0.001299447,-0.02805057
2018-02-14 00:00:00+00:00,0.001804054,0.090671184
2018-02-15 00:00:00+00:00,0.002107882,0.009775376
2018-02-16 00:00:00+00:00,0.001005016,0.007205229
2018-02-17 00:00:00+00:00,0.000853345,0.040790371
2018-02-18 00:00:00+00:00,0.001767799,-0.065264262
2018-02-19 00:00:00+00:00,0.000935076,0.027663176
2018-02-20 00:00:00+00:00,0.002122086,-0.059509707
2018-02-21 00:00:00+00:00,0.0040869,-0.051926435
2018-02-22 00:00:00+00:00,0.002987366,-0.041306245
2018-02-23 00:00:00+00:00,0.003309873,0.057859161
2018-02-24 00:00:00+00:00,0.003053835,-0.024669194
2018-02-25 00:00:00+00:00,0.00141715,0.010102423
2018-02-26 00:00:00+00:00,0.001204668,0.029766645
2018-02-27 00:00:00+00:00,0.000696955,0.004579563
2018-02-28 00:00:00+00:00,0.000796529,-0.024497756
2018-03-01 00:00:00+00:00,0.000477011,0.021819301
2018-03-02 00:00:00+00:00,0.000355736,-0.01674976
2018-03-03 00:00:00+00:00,0.000222134,-2.3411E-05
2018-03-04 00:00:00+00:00,0.000212257,0.008682886
2018-03-05 00:00:00+00:00,0.000189683,-0.01509467
2018-03-06 00:00:00+00:00,0.000813636,-0.040143349
2018-03-07 00:00:00+00:00,0.00409704,-0.081804066
2018-03-08 00:00:00+00:00,0.003027701,-0.073176787
2018-03-09 00:00:00+00:00,0.006567674,0.042197988
2018-03-10 00:00:00+00:00,0.002707473,-0.063559766
2018-03-11 00:00:00+00:00,0.002848271,0.051586552
2018-03-12 00:00:00+00:00,0.002741901,-0.032877352
2018-03-13 00:00:00+00:00,0.002684386,-0.008825495
2018-03-14 00:00:00+00:00,0.003655123,-0.116236195
2018-03-15 00:00:00+00:00,0.00538626,-0.005939868
2018-03-16 00:00:00+00:00,0.002733095,-0.017301298
2018-03-17 00:00:00+00:00,0.002753043,-0.088242907
2018-03-18 00:00:00+00:00,0.01946352,-0.021677827
2018-03-19 00:00:00+00:00,0.00897624,0.032100054
2018-03-20 00:00:00+00:00,0.004136546,0.004400348
2018-03-21 00:00:00+00:00,0.003331853,0.003542106
2018-03-22 00:00:00+00:00,0.003487089,-0.036535654
2018-03-23 00:00:00+00:00,0.002709969,0.005817567
2018-03-24 00:00:00+00:00,0.001616039,-0.044181436
2018-03-25 00:00:00+00:00,0.001638162,0.005719127
2018-03-26 00:00:00+00:00,0.005229332,-0.070970029
2018-03-27 00:00:00+00:00,0.005322734,-0.080727757
2018-03-28 00:00:00+00:00,0.002257691,-0.007488997
2018-03-29 00:00:00+00:00,0.006951299,-0.150742008
2018-03-30 00:00:00+00:00,0.010991806,0.028725858
2018-03-31 00:00:00+00:00,0.006524867,0.000228134
2018-04-01 00:00:00+00:00,0.00470364,-0.042375602
2018-04-02 00:00:00+00:00,0.002313205,0.01527228
2018-04-03 00:00:00+00:00,0.002429734,0.080715558
2018-04-04 00:00:00+00:00,0.004149791,-0.095326996
2018-04-05 00:00:00+00:00,0.002566044,0.008210789
2018-04-06 00:00:00+00:00,0.001502166,-0.029874407
2018-04-07 00:00:00+00:00,0.001328882,0.037862337
2018-04-08 00:00:00+00:00,0.001016921,0.038984682
2018-04-09 00:00:00+00:00,0.003825307,-0.002754478
2018-04-10 00:00:00+00:00,0.001309396,0.040902232
2018-04-11 00:00:00+00:00,0.001103152,0.036304888
2018-04-12 00:00:00+00:00,0.006698938,0.135673314
2018-04-13 00:00:00+00:00,0.006532541,0.004327785
2018-04-14 00:00:00+00:00,0.003007448,0.013728358
2018-04-15 00:00:00+00:00,0.001677691,0.060512214
2018-04-16 00:00:00+00:00,0.001961955,-0.042991444
2018-04-17 00:00:00+00:00,0.001067528,-0.017480962
2018-04-18 00:00:00+00:00,0.000780042,0.045655642
2018-04-19 00:00:00+00:00,0.001415889,0.075778571
2018-04-20 00:00:00+00:00,0.002286131,0.084273876
2018-04-21 00:00:00+00:00,0.002415234,-0.019651627
2018-04-22 00:00:00+00:00,0.002109841,0.025306654
2018-04-23 00:00:00+00:00,0.000719996,0.035111876
2018-04-24 00:00:00+00:00,0.001575287,0.089985871
2018-04-25 00:00:00+00:00,0.01056211,-0.130234412
2018-04-26 00:00:00+00:00,0.003158488,0.068090966
2018-04-27 00:00:00+00:00,0.001970268,-0.027966878
2018-04-28 00:00:00+00:00,0.001858632,0.059242696
2018-04-29 00:00:00+00:00,0.00159323,0.008046717
2018-04-30 00:00:00+00:00,0.00124878,-0.026082285
2018-05-01 00:00:00+00:00,0.002956458,0.001402399
2018-05-02 00:00:00+00:00,0.001073834,0.021722833
2018-05-03 00:00:00+00:00,0.003561424,0.123401555
2018-05-04 00:00:00+00:00,0.002564565,0.00962459
2018-05-05 00:00:00+00:00,0.001566192,0.036354873
2018-05-06 00:00:00+00:00,0.002649953,-0.034734241
2018-05-07 00:00:00+00:00,0.006116555,-0.041471421
2018-05-08 00:00:00+00:00,0.002903425,-0.007242881
2018-05-09 00:00:00+00:00,0.001649366,0.004021408
2018-05-10 00:00:00+00:00,0.001138817,-0.035958839
2018-05-11 00:00:00+00:00,0.004560555,-0.064893336
2018-05-12 00:00:00+00:00,0.003831699,0.009701333
2018-05-13 00:00:00+00:00,0.002303001,0.063149093
2018-05-14 00:00:00+00:00,0.004089341,-0.003282542
2018-05-15 00:00:00+00:00,0.001908524,-0.029060371
2018-05-16 00:00:00+00:00,0.002390181,0.00193841
2018-05-17 00:00:00+00:00,0.001537517,-0.05679512
2018-05-18 00:00:00+00:00,0.001403985,0.038320327
2018-05-19 00:00:00+00:00,0.001094838,0.002100025
2018-05-20 00:00:00+00:00,0.000584758,0.025590775
2018-05-21 00:00:00+00:00,0.000491821,-0.024427592
2018-05-22 00:00:00+00:00,0.001340338,-0.084253089
2018-05-23 00:00:00+00:00,0.005274167,-0.104013455
2018-05-24 00:00:00+00:00,0.005974859,0.043131177
2018-05-25 00:00:00+00:00,0.002974207,-0.031384775
2018-05-26 00:00:00+00:00,0.001463773,0.001659524
2018-05-27 00:00:00+00:00,0.000900274,-0.024643468
2018-05-28 00:00:00+00:00,0.003493931,-0.109975226
2018-05-29 00:00:00+00:00,0.003227613,0.102783417
2018-05-30 00:00:00+00:00,0.002471928,-0.016799342
2018-05-31 00:00:00+00:00,0.001657716,0.035055427
2018-06-01 00:00:00+00:00,0.001484997,0.003096915
2018-06-02 00:00:00+00:00,0.000824414,0.019789417
2018-06-03 00:00:00+00:00,0.000987583,0.046605462
2018-06-04 00:00:00+00:00,0.001353598,-0.044845672
2018-06-05 00:00:00+00:00,0.001736303,0.026855087
2018-06-06 00:00:00+00:00,0.001212106,-0.002339799
2018-06-07 00:00:00+00:00,0.000712963,-0.004331516
2018-06-08 00:00:00+00:00,0.000450486,-0.008268566
2018-06-09 00:00:00+00:00,0.000304725,-0.00869133
2018-06-10 00:00:00+00:00,0.004513459,-0.12201122
2018-06-11 00:00:00+00:00,0.002594174,0.012167465
2018-06-12 00:00:00+00:00,0.002966963,-0.073222927
2018-06-13 00:00:00+00:00,0.00455517,-0.037359008
2018-06-14 00:00:00+00:00,0.007447088,0.087868816
2018-06-15 00:00:00+00:00,0.002398098,-0.064140965
2018-06-16 00:00:00+00:00,0.001281376,0.020025853
2018-06-17 00:00:00+00:00,0.000557079,-0.001630091
2018-06-18 00:00:00+00:00,0.001845211,0.041368069
2018-06-19 00:00:00+00:00,0.00101892,0.039835944
2018-06-20 00:00:00+00:00,0.001246384,-0.004653336
2018-06-21 00:00:00+00:00,0.000763597,-0.019803
2018-06-22 00:00:00+00:00,0.005743289,-0.128744625
2018-06-23 00:00:00+00:00,0.002016354,0.028086099
2018-06-24 00:00:00+00:00,0.006583129,-0.043836861
2018-06-25 00:00:00+00:00,0.002499399,0.007928206
2018-06-26 00:00:00+00:00,0.001790946,-0.066120598
2018-06-27 00:00:00+00:00,0.00171824,0.028534638
2018-06-28 00:00:00+00:00,0.001306786,-0.049923309
2018-06-29 00:00:00+00:00,0.003154484,0.034171357
2018-06-30 00:00:00+00:00,0.001893708,0.042106029
2018-07-01 00:00:00+00:00,0.00070393,-0.004111775
2018-07-02 00:00:00+00:00,0.001703549,0.053711563
2018-07-03 00:00:00+00:00,0.001011279,-0.031108266
2018-07-04 00:00:00+00:00,0.001181816,0.011091483
2018-07-05 00:00:00+00:00,0.001110842,0.000749344
2018-07-06 00:00:00+00:00,0.000872433,0.004377776
2018-07-07 00:00:00+00:00,0.001056466,0.031833928
2018-07-08 00:00:00+00:00,0.000585902,0.003297069
2018-07-09 00:00:00+00:00,0.000646784,-0.030242051
2018-07-10 00:00:00+00:00,0.002408976,-0.086340771
2018-07-11 00:00:00+00:00,0.001448759,0.031088936
2018-07-12 00:00:00+00:00,0.001171657,-0.034075429
2018-07-13 00:00:00+00:00,0.000699633,0.003471824
2018-07-14 00:00:00+00:00,0.000416278,0.003068301
2018-07-15 00:00:00+00:00,0.000403563,0.034591583
2018-07-16 00:00:00+00:00,0.001123218,0.062051619
2018-07-17 00:00:00+00:00,0.002563697,0.042638905
2018-07-18 00:00:00+00:00,0.001567662,-0.041322277
2018-07-19 00:00:00+00:00,0.001200061,-0.022002577
2018-07-20 00:00:00+00:00,0.001730622,-0.04403941
2018-07-21 00:00:00+00:00,0.000956525,0.029220181
2018-07-22 00:00:00+00:00,0.000823123,-0.010017505
2018-07-23 00:00:00+00:00,0.000787371,-0.017441661
2018-07-24 00:00:00+00:00,0.001506475,0.0642392
2018-07-25 00:00:00+00:00,0.000870742,-0.016807472
2018-07-26 00:00:00+00:00,0.000944107,-0.020145924
2018-07-27 00:00:00+00:00,0.000976573,0.016933532
2018-07-28 00:00:00+00:00,0.000279361,-0.002517549
2018-07-29 00:00:00+00:00,0.000223019,-0.00451758
2018-07-30 00:00:00+00:00,0.00053189,-0.02070602
2018-07-31 00:00:00+00:00,0.000984671,-0.054265628
2018-08-01 00:00:00+00:00,0.001441916,-0.029933569
2018-08-02 00:00:00+00:00,0.000558928,-0.021414507
2018-08-03 00:00:00+00:00,0.000830611,0.01711548
2018-08-04 00:00:00+00:00,0.000813304,-0.026189664
2018-08-05 00:00:00+00:00,0.000682645,0.004486236
2018-08-06 00:00:00+00:00,0.000432435,-0.009437046
2018-08-07 00:00:00+00:00,0.002052803,-0.068756562
2018-08-08 00:00:00+00:00,0.002923486,-0.061018134
2018-08-09 00:00:00+00:00,0.00129187,0.023038716
2018-08-10 00:00:00+00:00,0.002767695,-0.095038231
2018-08-11 00:00:00+00:00,0.00399673,-0.03997389
2018-08-12 00:00:00+00:00,0.001596503,0.000408696
2018-08-13 00:00:00+00:00,0.003403207,-0.113161483
2018-08-14 00:00:00+00:00,0.008708847,-0.018113864
2018-08-15 00:00:00+00:00,0.005064983,0.007854098
2018-08-16 00:00:00+00:00,0.002992666,0.019230007
2018-08-17 00:00:00+00:00,0.003677697,0.102272066
2018-08-18 00:00:00+00:00,0.004158197,-0.06818565
2018-08-19 00:00:00+00:00,0.002643679,0.011464325
2018-08-20 00:00:00+00:00,0.00353006,-0.10264965
2018-08-21 00:00:00+00:00,0.001492102,0.038864103
2018-08-22 00:00:00+00:00,0.005371208,-0.039935737
2018-08-23 00:00:00+00:00,0.001820432,0.019768554
2018-08-24 00:00:00+00:00,0.001198592,0.019669706
2018-08-25 00:00:00+00:00,0.000444582,-0.012086252
2018-08-26 00:00:00+00:00,0.000624776,-0.013473095
2018-08-27 00:00:00+00:00,0.000983169,0.049892131
2018-08-28 00:00:00+00:00,0.00100464,0.024736607
2018-08-29 00:00:00+00:00,0.001141957,-0.022242149
2018-08-30 00:00:00+00:00,0.001799961,-0.015623138
2018-08-31 00:00:00+00:00,0.000872873,-0.009109268
2018-09-01 00:00:00+00:00,0.001514076,0.04405999
2018-09-02 00:00:00+00:00,0.001380515,0.001424453
2018-09-03 00:00:00+00:00,0.000917867,-0.022137079
2018-09-04 00:00:00+00:00,0.000816507,-0.011044831
2018-09-05 00:00:00+00:00,0.007677451,-0.226582875
2018-09-06 00:00:00+00:00,0.007885533,0.006875588
2018-09-07 00:00:00+00:00,0.003856684,-0.062675232
2018-09-08 00:00:00+00:00,0.004866089,-0.088410567
2018-09-09 00:00:00+00:00,0.005228883,-0.005548359
2018-09-10 00:00:00+00:00,0.003437936,0.005192966
2018-09-11 00:00:00+00:00,0.003128984,-0.061682028
2018-09-12 00:00:00+00:00,0.005108167,-0.012828354
2018-09-13 00:00:00+00:00,0.005332055,0.145366816
2018-09-14 00:00:00+00:00,0.006306678,-0.006597238
2018-09-15 00:00:00+00:00,0.003302923,0.05444309
2018-09-16 00:00:00+00:00,0.003246374,-0.00733234
2018-09-17 00:00:00+00:00,0.005389636,-0.116256695
2018-09-18 00:00:00+00:00,0.003698548,0.061977455
2018-09-19 00:00:00+00:00,0.003227786,0.006263318
2018-09-20 00:00:00+00:00,0.002832266,0.067272377
2018-09-21 00:00:00+00:00,0.004356606,0.0989858
2018-09-22 00:00:00+00:00,0.003668867,-0.028867646
2018-09-23 00:00:00+00:00,0.00160582,0.015008734
2018-09-24 00:00:00+00:00,0.002274838,-0.069212136
2018-09-25 00:00:00+00:00,0.003927316,-0.039450554
2018-09-26 00:00:00+00:00,0.002714674,-0.02326223
2018-09-27 00:00:00+00:00,0.002872954,0.067045299
2018-09-28 00:00:00+00:00,0.002515736,-0.037053631
2018-09-29 00:00:00+00:00,0.003237674,0.045792627
2018-09-30 00:00:00+00:00,0.001586184,0.005439488
2018-10-01 00:00:00+00:00,0.001158788,-0.008083559
2018-10-02 00:00:00+00:00,0.000642641,-0.024383416
2018-10-03 00:00:00+00:00,0.001568125,-0.026316122
2018-10-04 00:00:00+00:00,0.000861288,0.009045311
2018-10-05 00:00:00+00:00,0.000862692,0.026302617
2018-10-06 00:00:00+00:00,0.000198502,-0.013489134
2018-10-07 00:00:00+00:00,0.000341322,0.004323897
2018-10-08 00:00:00+00:00,0.000454389,0.013036266
2018-10-09 00:00:00+00:00,0.000205931,-0.007137852
2018-10-10 00:00:00+00:00,0.000232265,-0.011295033
2018-10-11 00:00:00+00:00,0.007508175,-0.17176082
2018-10-12 00:00:00+00:00,0.001370373,0.030230847
2018-10-13 00:00:00+00:00,0.000468283,0.013407908
2018-10-14 00:00:00+00:00,0.000395076,-0.024963339
2018-10-15 00:00:00+00:00,0.009013225,0.063994385
2018-10-16 00:00:00+00:00,0.000752824,0.004292899
2018-10-17 00:00:00+00:00,0.000358921,-0.010865416
2018-10-18 00:00:00+00:00,0.000702715,-0.019930582
2018-10-19 00:00:00+00:00,0.00022308,0.004008021
2018-10-20 00:00:00+00:00,0.000269381,0.013360352
2018-10-21 00:00:00+00:00,0.000220931,-0.002816138
2018-10-22 00:00:00+00:00,0.000193842,-0.004313664
2018-10-23 00:00:00+00:00,0.000282427,-0.000646171
2018-10-24 00:00:00+00:00,0.000111562,-0.002190145
2018-10-25 00:00:00+00:00,0.000216254,-0.005145766
2018-10-26 00:00:00+00:00,0.000573421,0.005245422
2018-10-27 00:00:00+00:00,5.89204E-05,0.003779595
2018-10-28 00:00:00+00:00,6.61023E-05,0.004803297
2018-10-29 00:00:00+00:00,0.000995791,-0.040990791
2018-10-30 00:00:00+00:00,0.000177178,0.005389465
2018-10-31 00:00:00+00:00,0.000607789,0.008157068
2018-11-01 00:00:00+00:00,8.23056E-05,0.005115101
2018-11-02 00:00:00+00:00,0.000215124,0.009001595
2018-11-03 00:00:00+00:00,8.90634E-05,-0.006428629
2018-11-04 00:00:00+00:00,0.001300205,0.056755249
2018-11-05 00:00:00+00:00,0.000470801,-0.007310288
2018-11-06 00:00:00+00:00,0.001075128,0.047389362
2018-11-07 00:00:00+00:00,0.000843098,-0.008312523
2018-11-08 00:00:00+00:00,0.000557538,-0.030434485
2018-11-09 00:00:00+00:00,0.000295815,-0.011139114
2018-11-10 00:00:00+00:00,0.000170298,0.010901375
2018-11-11 00:00:00+00:00,0.000236269,-0.001951592
2018-11-12 00:00:00+00:00,0.000212332,-0.005302771
2018-11-13 00:00:00+00:00,0.000420088,-0.027042452
2018-11-14 00:00:00+00:00,0.010025538,-0.133700136
2018-11-15 00:00:00+00:00,0.00503955,0.006280512
2018-11-16 00:00:00+00:00,0.001082212,-0.036953734
2018-11-17 00:00:00+00:00,0.000561982,0.000521906
2018-11-18 00:00:00+00:00,0.000638402,0.019405822
2018-11-19 00:00:00+00:00,0.009239779,-0.191564115
2018-11-20 00:00:00+00:00,0.019033255,-0.129672526
2018-11-21 00:00:00+00:00,0.007983562,0.054764331
2018-11-22 00:00:00+00:00,0.002361664,-0.089057963
2018-11-23 00:00:00+00:00,0.004803856,-0.014794499
2018-11-24 00:00:00+00:00,0.006301026,-0.09757724
2018-11-25 00:00:00+00:00,0.014723449,0.036983498
2018-11-26 00:00:00+00:00,0.006676721,-0.066558641
2018-11-27 00:00:00+00:00,0.005037679,0.016047838
2018-11-28 00:00:00+00:00,0.004101556,0.115213353
2018-11-29 00:00:00+00:00,0.004721462,-0.046668421
2018-11-30 00:00:00+00:00,0.002763837,-0.040775453
2018-12-01 00:00:00+00:00,0.001796903,0.044549042
2018-12-02 00:00:00+00:00,0.001432572,-0.017791298
2018-12-03 00:00:00+00:00,0.002120823,-0.068053463
2018-12-04 00:00:00+00:00,0.001527597,0.013066025
2018-12-05 00:00:00+00:00,0.00165828,-0.075114101
2018-12-06 00:00:00+00:00,0.007632273,-0.122645473
2018-12-07 00:00:00+00:00,0.013954574,0.03657198
2018-12-08 00:00:00+00:00,0.008345919,-0.026969405
2018-12-09 00:00:00+00:00,0.00424253,0.03085584
2018-12-10 00:00:00+00:00,0.002998369,-0.039337087
2018-12-11 00:00:00+00:00,0.00183972,-0.025769063
2018-12-12 00:00:00+00:00,0.001451249,0.024198852
2018-12-13 00:00:00+00:00,0.001678472,-0.042886645
2018-12-14 00:00:00+00:00,0.001618387,-0.027919841
2018-12-15 00:00:00+00:00,0.001073477,0.00036138
2018-12-16 00:00:00+00:00,0.001288675,0.008514772
2018-12-17 00:00:00+00:00,0.003763292,0.11334148
2018-12-18 00:00:00+00:00,0.003478752,0.074062276
2018-12-19 00:00:00+00:00,0.005246769,-0.016572207
2018-12-20 00:00:00+00:00,0.007360923,0.142201171
2018-12-21 00:00:00+00:00,0.006918151,-0.061028563
2018-12-22 00:00:00+00:00,0.003249207,0.074644835
2018-12-23 00:00:00+00:00,0.005973458,0.110164189
2018-12-24 00:00:00+00:00,0.015414723,0.070591264
2018-12-25 00:00:00+00:00,0.010527838,-0.076705125
2018-12-26 00:00:00+00:00,0.006946198,0.012727234
2018-12-27 00:00:00+00:00,0.005550542,-0.129433765
2018-12-28 00:00:00+00:00,0.00929314,0.176956643
2018-12-29 00:00:00+00:00,0.008517498,-0.019707616
2018-12-30 00:00:00+00:00,0.004319582,0.033931369
2018-12-31 00:00:00+00:00,0.001994516,-0.060291416
2019-01-01 00:00:00+00:00,0.002026799,0.0676143
2019-01-02 00:00:00+00:00,0.003081785,0.093487737
2019-01-03 00:00:00+00:00,0.002366016,-0.041704577
2019-01-04 00:00:00+00:00,0.002729653,0.04000933
2019-01-05 00:00:00+00:00,0.003292373,0.00630999
2019-01-06 00:00:00+00:00,0.001839469,0.011027745
2019-01-07 00:00:00+00:00,0.001111615,-0.034582947
2019-01-08 00:00:00+00:00,0.000977658,-0.011015165
2019-01-09 00:00:00+00:00,0.00072756,0.003551449
2019-01-10 00:00:00+00:00,0.010517685,-0.1677658
2019-01-11 00:00:00+00:00,0.002260416,-0.004598803
2019-01-12 00:00:00+00:00,0.001027641,-0.010063983
2019-01-13 00:00:00+00:00,0.002214742,-0.074904876
2019-01-14 00:00:00+00:00,0.004301306,0.104953788
2019-01-15 00:00:00+00:00,0.004609461,-0.067424976
2019-01-16 00:00:00+00:00,0.003031664,0.017512425
2019-01-17 00:00:00+00:00,0.001760492,0.003514942
2019-01-18 00:00:00+00:00,0.000667579,-0.024951724
2019-01-19 00:00:00+00:00,0.002089664,0.031053024
2019-01-20 00:00:00+00:00,0.00118032,-0.048777999
2019-01-21 00:00:00+00:00,0.00118653,-0.013459846
2019-01-22 00:00:00+00:00,0.00260017,0.019149158
2019-01-23 00:00:00+00:00,0.000531355,-0.013211358
2019-01-24 00:00:00+00:00,0.00048869,-0.00128783
2019-01-25 00:00:00+00:00,0.000554193,-0.012535284
2019-01-26 00:00:00+00:00,0.000183665,0.00052183
2019-01-27 00:00:00+00:00,0.000511259,-0.032340687
2019-01-28 00:00:00+00:00,0.001849802,-0.054251841
2019-01-29 00:00:00+00:00,0.000870648,-0.013843364
2019-01-30 00:00:00+00:00,0.001397052,0.033930392
2019-01-31 00:00:00+00:00,0.000566223,-0.017341204
2019-02-01 00:00:00+00:00,0.000727113,0.001322877
2019-02-02 00:00:00+00:00,0.000410897,0.031601143
2019-02-03 00:00:00+00:00,0.000497023,-0.031223499
2019-02-04 00:00:00+00:00,0.000385134,0.001226357
2019-02-05 00:00:00+00:00,0.000169096,-0.000565824
2019-02-06 00:00:00+00:00,0.001576608,-0.025315389
2019-02-07 00:00:00+00:00,0.000247508,-0.001452292
2019-02-08 00:00:00+00:00,0.004834192,0.133579836
2019-02-09 00:00:00+00:00,0.000615334,0.000847386
2019-02-10 00:00:00+00:00,0.001316219,0.048604608
2019-02-11 00:00:00+00:00,0.001450826,-0.036062884
2019-02-12 00:00:00+00:00,0.000830427,0.010567141
2019-02-13 00:00:00+00:00,0.000754423,-0.000662361
2019-02-14 00:00:00+00:00,0.000593627,-0.011244028
2019-02-15 00:00:00+00:00,0.000548391,0.008590187
2019-02-16 00:00:00+00:00,0.000246748,0.009422336
2019-02-17 00:00:00+00:00,0.001657806,0.084966401
2019-02-18 00:00:00+00:00,0.003754531,0.088735244
2019-02-19 00:00:00+00:00,0.001931665,-0.013435168
2019-02-20 00:00:00+00:00,0.001360959,0.031728988
2019-02-21 00:00:00+00:00,0.000855987,-0.021132862
2019-02-22 00:00:00+00:00,0.000498021,0.016982773
2019-02-23 00:00:00+00:00,0.001968624,0.071362573
2019-02-24 00:00:00+00:00,0.011766942,-0.17863383
2019-02-25 00:00:00+00:00,0.002463079,0.043659495
2019-02-26 00:00:00+00:00,0.000728086,-0.013826622
2019-02-27 00:00:00+00:00,0.005655957,-0.009548202
2019-02-28 00:00:00+00:00,0.002097458,0.000148732
2019-03-01 00:00:00+00:00,0.000585353,0.001783061
2019-03-02 00:00:00+00:00,0.001002241,-0.017975319
2019-03-03 00:00:00+00:00,0.000679957,-0.019382522
2019-03-04 00:00:00+00:00,0.001176111,-0.035608813
2019-03-05 00:00:00+00:00,0.001875965,0.084626442
2019-03-06 00:00:00+00:00,0.001915635,0.005122587
2019-03-07 00:00:00+00:00,0.00074015,-0.005489492
2019-03-08 00:00:00+00:00,0.001719705,-0.026023773
2019-03-09 00:00:00+00:00,0.000759831,0.027197396
2019-03-10 00:00:00+00:00,0.000349013,-0.012911973
2019-03-11 00:00:00+00:00,0.000496722,-0.019572444
2019-03-12 00:00:00+00:00,0.00069032,0.005663598
2019-03-13 00:00:00+00:00,0.000295464,-0.012426285
2019-03-14 00:00:00+00:00,0.000935652,0.001828154
2019-03-15 00:00:00+00:00,0.000376857,0.034335248
2019-03-16 00:00:00+00:00,0.001431687,0.032483776
2019-03-17 00:00:00+00:00,0.00051264,-0.017304327
2019-03-18 00:00:00+00:00,0.000471891,-0.007706887
2019-03-19 00:00:00+00:00,0.000324973,0.008286136
2019-03-20 00:00:00+00:00,0.000358723,0.004117462
2019-03-21 00:00:00+00:00,0.000867381,-0.031562683
2019-03-22 00:00:00+00:00,0.000179727,0.00903576
2019-03-23 00:00:00+00:00,0.000209563,0.006540534
2019-03-24 00:00:00+00:00,0.000234877,-0.008459354
2019-03-25 00:00:00+00:00,0.000299744,-0.017587457
2019-03-26 00:00:00+00:00,0.000190316,0.002027865
2019-03-27 00:00:00+00:00,0.000485135,0.042597129
2019-03-28 00:00:00+00:00,0.00023991,-0.011716341
2019-03-29 00:00:00+00:00,0.000550192,0.038322146
2019-03-30 00:00:00+00:00,0.000529528,-0.004983341
2019-03-31 00:00:00+00:00,0.000146603,-0.006494446
2019-04-01 00:00:00+00:00,0.000352971,-0.001417435
2019-04-02 00:00:00+00:00,0.007022531,0.155305029
2019-04-03 00:00:00+00:00,0.014692803,-0.020612962
2019-04-04 00:00:00+00:00,0.003731341,-0.023074571
2019-04-05 00:00:00+00:00,0.002240343,0.052092214
2019-04-06 00:00:00+00:00,0.00220577,-0.001747673
2019-04-07 00:00:00+00:00,0.002154045,0.053149343
2019-04-08 00:00:00+00:00,0.004067408,0.033188264
2019-04-09 00:00:00+00:00,0.000962139,-0.027541915
2019-04-10 00:00:00+00:00,0.002858962,0.00973464
2019-04-11 00:00:00+00:00,0.002698087,-0.073791752
2019-04-12 00:00:00+00:00,0.001768009,-0.003949092
2019-04-13 00:00:00+00:00,0.000502312,-0.003109474
2019-04-14 00:00:00+00:00,0.000499461,0.027167891
2019-04-15 00:00:00+00:00,0.001629384,-0.048897141
2019-04-16 00:00:00+00:00,0.000923815,0.037601638
2019-04-17 00:00:00+00:00,0.000487726,0.000961192
2019-04-18 00:00:00+00:00,0.001182115,0.044681476
2019-04-19 00:00:00+00:00,0.000735948,-0.001839187
2019-04-20 00:00:00+00:00,0.000638914,-0.00057544
2019-04-21 00:00:00+00:00,0.000547843,-0.022292341
2019-04-22 00:00:00+00:00,0.000566446,0.009839601
2019-04-23 00:00:00+00:00,0.00079998,-0.008428003
2019-04-24 00:00:00+00:00,0.001665026,-0.026140998
2019-04-25 00:00:00+00:00,0.004321387,-0.086271215
2019-04-26 00:00:00+00:00,0.001510147,0.008904662
2019-04-27 00:00:00+00:00,0.000539571,0.014174536
2019-04-28 00:00:00+00:00,0.000463221,-0.015609631
2019-04-29 00:00:00+00:00,0.000682171,-0.005432839
2019-04-30 00:00:00+00:00,0.001020175,0.051424554
2019-05-01 00:00:00+00:00,0.000648497,-0.013178729
2019-05-02 00:00:00+00:00,0.000429819,0.002523661
2019-05-03 00:00:00+00:00,0.001645732,0.037352846
2019-05-04 00:00:00+00:00,0.001507482,-0.017698493
2019-05-05 00:00:00+00:00,0.000576535,-0.003714025
2019-05-06 00:00:00+00:00,0.001728057,0.059116874
2019-05-07 00:00:00+00:00,0.003853857,-0.027017462
2019-05-08 00:00:00+00:00,0.001907992,0.018210453
2019-05-09 00:00:00+00:00,0.000977918,0.003179466
2019-05-10 00:00:00+00:00,0.001627713,0.012269376
2019-05-11 00:00:00+00:00,0.007357117,0.111485382
2019-05-12 00:00:00+00:00,0.006284735,-0.0224823
2019-05-13 00:00:00+00:00,0.004876029,0.042995576
2019-05-14 00:00:00+00:00,0.00742886,0.10120963
2019-05-15 00:00:00+00:00,0.007515012,0.135529946
2019-05-16 00:00:00+00:00,0.016565052,0.060388355
2019-05-17 00:00:00+00:00,0.017697754,-0.078257912
2019-05-18 00:00:00+00:00,0.003815595,-0.044134027
2019-05-19 00:00:00+00:00,0.003843726,0.109415863
2019-05-20 00:00:00+00:00,0.004668803,-0.034563453
2019-05-21 00:00:00+00:00,0.002668652,0.009941695
2019-05-22 00:00:00+00:00,0.00245176,-0.045865968
2019-05-23 00:00:00+00:00,0.002319164,0.0094896
2019-05-24 00:00:00+00:00,0.001506035,0.016913637
2019-05-25 00:00:00+00:00,0.001145064,0.00686109
2019-05-26 00:00:00+00:00,0.001901932,0.064724848
2019-05-27 00:00:00+00:00,0.002406222,0.010563674
2019-05-28 00:00:00+00:00,0.001529117,-0.000258126
2019-05-29 00:00:00+00:00,0.00121253,-0.00651203
2019-05-30 00:00:00+00:00,0.006462966,-0.056387906
2019-05-31 00:00:00+00:00,0.0027829,0.050244123
2019-06-01 00:00:00+00:00,0.002024424,-0.011117068
2019-06-02 00:00:00+00:00,0.001136935,0.01666674
2019-06-03 00:00:00+00:00,0.002158084,-0.075906737
2019-06-04 00:00:00+00:00,0.0045756,-0.035235876
2019-06-05 00:00:00+00:00,0.001829161,0.022208084
2019-06-06 00:00:00+00:00,0.001288749,0.01242653
2019-06-07 00:00:00+00:00,0.001224114,0.000360801
2019-06-08 00:00:00+00:00,0.000600735,-0.021021856
2019-06-09 00:00:00+00:00,0.001349899,-0.054681409
2019-06-10 00:00:00+00:00,0.002236773,0.068987107
2019-06-11 00:00:00+00:00,0.001196804,-0.010995587
2019-06-12 00:00:00+00:00,0.001460889,0.069800346
2019-06-13 00:00:00+00:00,0.001058011,-0.028676492
2019-06-14 00:00:00+00:00,0.000979328,0.032360297
2019-06-15 00:00:00+00:00,0.000880448,0.020337649
2019-06-16 00:00:00+00:00,0.001695404,-0.003311323
2019-06-17 00:00:00+00:00,0.000985721,0.020801045
2019-06-18 00:00:00+00:00,0.00072339,-0.035668974
2019-06-19 00:00:00+00:00,0.000429887,0.016580768
2019-06-20 00:00:00+00:00,0.000442321,0.011834895
2019-06-21 00:00:00+00:00,0.002241319,0.085438392
2019-06-22 00:00:00+00:00,0.003612198,0.040485735
2019-06-23 00:00:00+00:00,0.002283447,-0.004939405
2019-06-24 00:00:00+00:00,0.001723943,0.013042889
2019-06-25 00:00:00+00:00,0.001112167,0.017814649
2019-06-26 00:00:00+00:00,0.015147576,0.056104973
2019-06-27 00:00:00+00:00,0.014588765,-0.131937115
2019-06-28 00:00:00+00:00,0.003589094,0.052762552
2019-06-29 00:00:00+00:00,0.003240407,0.024584598
2019-06-30 00:00:00+00:00,0.003782367,-0.089000297
2019-07-01 00:00:00+00:00,0.003989991,0.012436565
2019-07-02 00:00:00+00:00,0.005181425,-0.008376833
2019-07-03 00:00:00+00:00,0.001643616,0.035549406
2019-07-04 00:00:00+00:00,0.002066981,-0.064991477
2019-07-05 00:00:00+00:00,0.001751037,0.018151099
2019-07-06 00:00:00+00:00,0.001114857,-0.001424724
2019-07-07 00:00:00+00:00,0.002030653,0.063229287
2019-07-08 00:00:00+00:00,0.001081683,0.022274074
2019-07-09 00:00:00+00:00,0.001249509,-0.017129661
2019-07-10 00:00:00+00:00,0.003345354,-0.064659772
2019-07-11 00:00:00+00:00,0.005712558,-0.071659156
2019-07-12 00:00:00+00:00,0.001727816,0.02524802
2019-07-13 00:00:00+00:00,0.001151284,-0.023909033
2019-07-14 00:00:00+00:00,0.011919006,-0.175387579
2019-07-15 00:00:00+00:00,0.011088092,0.011100458
2019-07-16 00:00:00+00:00,0.011808115,-0.137821038
2019-07-17 00:00:00+00:00,0.006525268,0.061000165
2019-07-18 00:00:00+00:00,0.005535142,0.067976903
2019-07-19 00:00:00+00:00,0.003712646,-0.0226165
2019-07-20 00:00:00+00:00,0.001785452,0.034129062
2019-07-21 00:00:00+00:00,0.001518896,-0.01430073
2019-07-22 00:00:00+00:00,0.002614872,-0.038444556
2019-07-23 00:00:00+00:00,0.001614268,-0.024240221
2019-07-24 00:00:00+00:00,0.00373864,0.021750134
2019-07-25 00:00:00+00:00,0.002139243,0.012343287
2019-07-26 00:00:00+00:00,0.001226598,0.000319176
2019-07-27 00:00:00+00:00,0.002673773,-0.057418575
2019-07-28 00:00:00+00:00,0.003837286,0.020974945
2019-07-29 00:00:00+00:00,0.001272777,-0.003789678
2019-07-30 00:00:00+00:00,0.000845048,-0.004137642
2019-07-31 00:00:00+00:00,0.000715143,0.041403249
2019-08-01 00:00:00+00:00,0.000575537,-0.005272219
2019-08-02 00:00:00+00:00,0.000867451,0.001148501
2019-08-03 00:00:00+00:00,0.000651718,0.019730603
2019-08-04 00:00:00+00:00,0.000489053,0.003011577
2019-08-05 00:00:00+00:00,0.001346509,0.044719063
2019-08-06 00:00:00+00:00,0.001974,-0.031344516
2019-08-07 00:00:00+00:00,0.001277316,-0.000044286
2019-08-08 00:00:00+00:00,0.00078878,-0.022347048
2019-08-09 00:00:00+00:00,0.001255856,-0.048767521
2019-08-10 00:00:00+00:00,0.002537288,-0.020173595
2019-08-11 00:00:00+00:00,0.001042703,0.047194659
2019-08-12 00:00:00+00:00,0.00046984,-0.022466544
2019-08-13 00:00:00+00:00,0.000992135,-0.012766942
2019-08-14 00:00:00+00:00,0.006405696,-0.112964383
2019-08-15 00:00:00+00:00,0.00283146,0.01014695
2019-08-16 00:00:00+00:00,0.00155605,-0.015744983
2019-08-17 00:00:00+00:00,0.000601785,0.001779696
2019-08-18 00:00:00+00:00,0.001292898,0.048125396
2019-08-19 00:00:00+00:00,0.001057233,0.038185267
2019-08-20 00:00:00+00:00,0.000879314,-0.028882874
2019-08-21 00:00:00+00:00,0.001923327,-0.047882457
2019-08-22 00:00:00+00:00,0.002118695,0.01609437
2019-08-23 00:00:00+00:00,0.001082901,0.021715139
2019-08-24 00:00:00+00:00,0.000794607,-0.019197435
2019-08-25 00:00:00+00:00,0.001175667,-0.02278365
2019-08-26 00:00:00+00:00,0.001447962,0.009122739
2019-08-27 00:00:00+00:00,0.0005853,-0.007248726
2019-08-28 00:00:00+00:00,0.00655758,-0.078710725
2019-08-29 00:00:00+00:00,0.001593037,-0.023243926
2019-08-30 00:00:00+00:00,0.000698054,-0.002490957
2019-08-31 00:00:00+00:00,0.000662132,0.020745315
2019-09-01 00:00:00+00:00,0.000488615,-0.003729391
2019-09-02 00:00:00+00:00,0.000986819,0.042909836
2019-09-03 00:00:00+00:00,0.001055108,0.000894454
2019-09-04 00:00:00+00:00,0.000659513,-0.023405444
2019-09-05 00:00:00+00:00,0.000606963,-0.004701574
2019-09-06 00:00:00+00:00,0.00115627,-0.027973852
2019-09-07 00:00:00+00:00,0.000823256,0.05115144
2019-09-08 00:00:00+00:00,0.001552636,0.01935329
2019-09-09 00:00:00+00:00,0.001068115,-0.005135437
2019-09-10 00:00:00+00:00,0.000800157,-0.005495892
2019-09-11 00:00:00+00:00,0.000750207,-0.007487323
2019-09-12 00:00:00+00:00,0.000430188,0.01552662
2019-09-13 00:00:00+00:00,0.000306262,0.003087613
2019-09-14 00:00:00+00:00,0.000512501,0.03887129
2019-09-15 00:00:00+00:00,0.000441865,0.002380009
2019-09-16 00:00:00+00:00,0.001373619,0.042861119
2019-09-17 00:00:00+00:00,0.002499853,0.051103489
2019-09-18 00:00:00+00:00,0.001582528,0.011094753
2019-09-19 00:00:00+00:00,0.002493873,0.048864895
2019-09-20 00:00:00+00:00,0.001036648,-0.01248706
2019-09-21 00:00:00+00:00,0.000799739,-0.014783601
2019-09-22 00:00:00+00:00,0.001025168,-0.017749445
2019-09-23 00:00:00+00:00,0.001218126,-0.049927821
2019-09-24 00:00:00+00:00,0.013335733,-0.18875656
2019-09-25 00:00:00+00:00,0.004051072,0.022245609
2019-09-26 00:00:00+00:00,0.003451453,-0.024714672
2019-09-27 00:00:00+00:00,0.00242361,0.050210405
2019-09-28 00:00:00+00:00,0.001687254,-0.002813749
2019-09-29 00:00:00+00:00,0.001706062,-0.02633571
2019-09-30 00:00:00+00:00,0.002052359,0.067291105
2019-10-01 00:00:00+00:00,0.002201106,-0.028099912
2019-10-02 00:00:00+00:00,0.000859823,0.026166157
2019-10-03 00:00:00+00:00,0.00117667,-0.032430414
2019-10-04 00:00:00+00:00,0.000964551,0.005241879
2019-10-05 00:00:00+00:00,0.000842738,0.004309618
2019-10-06 00:00:00+00:00,0.001250842,-0.037766444
2019-10-07 00:00:00+00:00,0.001463093,0.057543553
2019-10-08 00:00:00+00:00,0.000992844,0.002548619
2019-10-09 00:00:00+00:00,0.001921019,0.06708756
2019-10-10 00:00:00+00:00,0.001020686,-0.007635409
2019-10-11 00:00:00+00:00,0.001979469,-0.058788361
2019-10-12 00:00:00+00:00,0.000748133,-0.005433892
2019-10-13 00:00:00+00:00,0.000652185,0.007312242
2019-10-14 00:00:00+00:00,0.000740879,0.030815144
2019-10-15 00:00:00+00:00,0.001168679,-0.034132263
2019-10-16 00:00:00+00:00,0.000710104,-0.034249151
2019-10-17 00:00:00+00:00,0.000438669,0.015974871
2019-10-18 00:00:00+00:00,0.000886747,-0.024839259
2019-10-19 00:00:00+00:00,0.000698764,-0.005042758
2019-10-20 00:00:00+00:00,0.000605588,0.019564465
2019-10-21 00:00:00+00:00,0.000707687,-0.006402583
2019-10-22 00:00:00+00:00,0.000442414,-0.017763073
2019-10-23 00:00:00+00:00,0.003940479,-0.052799944
2019-10-24 00:00:00+00:00,0.000679412,-0.011263889
2019-10-25 00:00:00+00:00,0.005612539,0.122784236
2019-10-26 00:00:00+00:00,0.007430635,-0.009013304
2019-10-27 00:00:00+00:00,0.002531329,0.024038036
2019-10-28 00:00:00+00:00,0.001805925,-0.013044968
2019-10-29 00:00:00+00:00,0.001372101,0.04868028
2019-10-30 00:00:00+00:00,0.001476357,-0.041236349
2019-10-31 00:00:00+00:00,0.001140911,-0.00546808
2019-11-01 00:00:00+00:00,0.000762516,0.004431443
2019-11-02 00:00:00+00:00,0.000265804,0.000327475
2019-11-03 00:00:00+00:00,0.000350599,-0.008329272
2019-11-04 00:00:00+00:00,0.000750785,0.024567788
2019-11-05 00:00:00+00:00,0.000697279,0.014022036
2019-11-06 00:00:00+00:00,0.000549368,0.011841932
2019-11-07 00:00:00+00:00,0.000503873,-0.024951632
2019-11-08 00:00:00+00:00,0.000523479,-0.015133788
2019-11-09 00:00:00+00:00,0.000281705,0.006243404
2019-11-10 00:00:00+00:00,0.000963526,0.022000084
2019-11-11 00:00:00+00:00,0.000404644,-0.022649751
2019-11-12 00:00:00+00:00,0.00038103,0.012539518
2019-11-13 00:00:00+00:00,0.000293919,0.003949832
2019-11-14 00:00:00+00:00,0.000361209,-0.017031061
2019-11-15 00:00:00+00:00,0.000856791,-0.025964079
2019-11-16 00:00:00+00:00,0.000328647,0.01342302
2019-11-17 00:00:00+00:00,0.000370815,0.008904
2019-11-18 00:00:00+00:00,0.000576573,-0.033342873
2019-11-19 00:00:00+00:00,0.000720346,-0.011991772
2019-11-20 00:00:00+00:00,0.00059773,-0.007883953
2019-11-21 00:00:00+00:00,0.004027317,-0.080779046
2019-11-22 00:00:00+00:00,0.0074172,-0.069850453
2019-11-23 00:00:00+00:00,0.001679803,0.013445247
2019-11-24 00:00:00+00:00,0.001854346,-0.082309529
2019-11-25 00:00:00+00:00,0.00549965,0.041419002
2019-11-26 00:00:00+00:00,0.00177332,0.013072972
2019-11-27 00:00:00+00:00,0.002733546,0.034178859
2019-11-28 00:00:00+00:00,0.001151495,-0.012895764
2019-11-29 00:00:00+00:00,0.001057537,0.024464852
2019-11-30 00:00:00+00:00,0.000697171,-0.019378808
2019-12-01 00:00:00+00:00,0.001150852,-0.005350962
2019-12-02 00:00:00+00:00,0.000881586,-0.013336198
2019-12-03 00:00:00+00:00,0.000558859,-0.011069975
2019-12-04 00:00:00+00:00,0.00223924,-0.012498882
2019-12-05 00:00:00+00:00,0.000510809,0.018251664
2019-12-06 00:00:00+00:00,0.00062302,0.004309771
2019-12-07 00:00:00+00:00,0.000263068,-0.009384035
2019-12-08 00:00:00+00:00,0.000510848,0.021804896
2019-12-09 00:00:00+00:00,0.000400369,-0.022687059
2019-12-10 00:00:00+00:00,0.000260666,-0.012020361
2019-12-11 00:00:00+00:00,0.000385508,-0.015580414
2019-12-12 00:00:00+00:00,0.000733995,0.009722974
2019-12-13 00:00:00+00:00,0.000215311,6.91109E-05
2019-12-14 00:00:00+00:00,0.000217752,-0.020738794
2019-12-15 00:00:00+00:00,0.000398919,0.004575701
2019-12-16 00:00:00+00:00,0.002679267,-0.072974057
2019-12-17 00:00:00+00:00,0.002104597,-0.082898853
2019-12-18 00:00:00+00:00,0.004140564,0.086895088
2019-12-19 00:00:00+00:00,0.001861657,-0.036086192
2019-12-20 00:00:00+00:00,0.000620268,0.001481193
2019-12-21 00:00:00+00:00,0.000231414,-0.010021222
2019-12-22 00:00:00+00:00,0.000675704,0.040932147
2019-12-23 00:00:00+00:00,0.001451116,-0.035517608
2019-12-24 00:00:00+00:00,0.000574374,-0.000547967
2019-12-25 00:00:00+00:00,0.000634515,-0.021768382
2019-12-26 00:00:00+00:00,0.000965562,0.004232388
2019-12-27 00:00:00+00:00,0.000793256,0.005879566
2019-12-28 00:00:00+00:00,0.00049942,0.013221252
2019-12-29 00:00:00+00:00,0.000989963,0.048749212
2019-12-30 00:00:00+00:00,0.000733305,-0.024115713
2019-12-31 00:00:00+00:00,0.000697673,-0.019720251
2020-01-01 00:00:00+00:00,0.000563818,0.012754782
2020-01-02 00:00:00+00:00,0.00055944,-0.026305019
2020-01-03 00:00:00+00:00,0.001548784,0.056417749
2020-01-04 00:00:00+00:00,0.000670529,-0.000223622
2020-01-05 00:00:00+00:00,0.000722782,0.008684412
2020-01-06 00:00:00+00:00,0.001145957,0.063563432
2020-01-07 00:00:00+00:00,0.000906611,-0.00772796
2020-01-08 00:00:00+00:00,0.001603318,-0.017556061
2020-01-09 00:00:00+00:00,0.000977444,-0.020697828
2020-01-10 00:00:00+00:00,0.001502885,0.049996251
2020-01-11 00:00:00+00:00,0.002001637,-0.014892412
2020-01-12 00:00:00+00:00,0.000835197,0.026839821
2020-01-13 00:00:00+00:00,0.000467795,-0.020688966
2020-01-14 00:00:00+00:00,0.006472979,0.14413624
2020-01-15 00:00:00+00:00,0.003652648,0.003192293
2020-01-16 00:00:00+00:00,0.002434892,-0.014293745
2020-01-17 00:00:00+00:00,0.002837712,0.033944252
2020-01-18 00:00:00+00:00,0.002599753,0.026016308
2020-01-19 00:00:00+00:00,0.00354513,-0.042904383
2020-01-20 00:00:00+00:00,0.001023806,-0.000419878
2020-01-21 00:00:00+00:00,0.000926054,0.014946537
2020-01-22 00:00:00+00:00,0.000529238,-0.008964943
2020-01-23 00:00:00+00:00,0.001129485,-0.031994973
2020-01-24 00:00:00+00:00,0.00128455,-0.000615953
2020-01-25 00:00:00+00:00,0.00089502,-0.01352294
2020-01-26 00:00:00+00:00,0.000791645,0.044163894
2020-01-27 00:00:00+00:00,0.000918017,0.014357152
2020-01-28 00:00:00+00:00,0.001052737,0.035982595
2020-01-29 00:00:00+00:00,0.00089388,-0.014537802
2020-01-30 00:00:00+00:00,0.00142457,0.062031056
2020-01-31 00:00:00+00:00,0.001169718,-0.026409067
2020-02-01 00:00:00+00:00,0.00087159,0.020703305
2020-02-02 00:00:00+00:00,0.001236724,0.02576866
2020-02-03 00:00:00+00:00,0.001408967,0.005983444
2020-02-04 00:00:00+00:00,0.00092099,-0.006249027
2020-02-05 00:00:00+00:00,0.001449012,0.080402249
2020-02-06 00:00:00+00:00,0.002997986,0.042890442
2020-02-07 00:00:00+00:00,0.001528755,0.047147396
2020-02-08 00:00:00+00:00,0.00146543,0.000671757
2020-02-09 00:00:00+00:00,0.000797373,0.02401867
2020-02-10 00:00:00+00:00,0.001419002,-0.02634936
2020-02-11 00:00:00+00:00,0.001686625,0.065645716
2020-02-12 00:00:00+00:00,0.004317685,0.112929396
2020-02-13 00:00:00+00:00,0.005831623,0.007478907
2020-02-14 00:00:00+00:00,0.001913526,0.064382503
2020-02-15 00:00:00+00:00,0.00404691,-0.077507528
2020-02-16 00:00:00+00:00,0.006070763,-0.0245322
2020-02-17 00:00:00+00:00,0.006034013,0.036203221
2020-02-18 00:00:00+00:00,0.003360301,0.05544279
2020-02-19 00:00:00+00:00,0.00669003,-0.091027247
2020-02-20 00:00:00+00:00,0.004208907,-0.004883163
2020-02-21 00:00:00+00:00,0.001920879,0.032112851
2020-02-22 00:00:00+00:00,0.000898503,-0.014094346
2020-02-23 00:00:00+00:00,0.000903143,0.04986523
2020-02-24 00:00:00+00:00,0.001975374,-0.037616077
2020-02-25 00:00:00+00:00,0.00279428,-0.07353696
2020-02-26 00:00:00+00:00,0.005157584,-0.097950579
2020-02-27 00:00:00+00:00,0.005554626,0.01831009
2020-02-28 00:00:00+00:00,0.004775227,-0.001142857
2020-02-29 00:00:00+00:00,0.002095056,-0.045253741
2020-03-01 00:00:00+00:00,0.002738405,-0.000230113
2020-03-02 00:00:00+00:00,0.001762194,0.066159686
2020-03-03 00:00:00+00:00,0.002019152,-0.036725122
2020-03-04 00:00:00+00:00,0.001174147,0.003613575
2020-03-05 00:00:00+00:00,0.000948983,0.018005782
2020-03-06 00:00:00+00:00,0.001004335,0.071392602
2020-03-07 00:00:00+00:00,0.00151184,-0.032321615
2020-03-08 00:00:00+00:00,0.006556005,-0.175605987
2020-03-09 00:00:00+00:00,0.008134352,0.016458617
2020-03-10 00:00:00+00:00,0.002662345,-0.011258085
2020-03-11 00:00:00+00:00,0.00388819,-0.029816691
2020-03-12 00:00:00+00:00,0.065421838,-0.56779363
2020-03-13 00:00:00+00:00,0.117422211,0.205841512
2020-03-14 00:00:00+00:00,0.006737161,-0.103631921
2020-03-15 00:00:00+00:00,0.007206524,0.009206893
2020-03-16 00:00:00+00:00,0.018678655,-0.101672632
2020-03-17 00:00:00+00:00,0.006965849,0.041417974
2020-03-18 00:00:00+00:00,0.004750283,0.021390734
2020-03-19 00:00:00+00:00,0.007625787,0.141885941
2020-03-20 00:00:00+00:00,0.018464469,-0.025265282
2020-03-21 00:00:00+00:00,0.007278405,-0.003608213
2020-03-22 00:00:00+00:00,0.004765051,-0.081311178
2020-03-23 00:00:00+00:00,0.006289768,0.11252317
2020-03-24 00:00:00+00:00,0.005377048,0.014493007
2020-03-25 00:00:00+00:00,0.003752415,-0.019909108
2020-03-26 00:00:00+00:00,0.001930656,0.019909108
2020-03-27 00:00:00+00:00,0.002181631,-0.055010912
2020-03-28 00:00:00+00:00,0.003007842,-0.001597505
2020-03-29 00:00:00+00:00,0.001210894,-0.054765346
2020-03-30 00:00:00+00:00,0.001976553,0.062123061
2020-03-31 00:00:00+00:00,0.000914428,0.005877494
2020-04-01 00:00:00+00:00,0.001305104,0.022583043
2020-04-02 00:00:00+00:00,0.004845494,0.038827941
2020-04-03 00:00:00+00:00,0.001921767,7.06539E-05
2020-04-04 00:00:00+00:00,0.001679656,0.020558727
2020-04-05 00:00:00+00:00,0.0008641,-0.01176607
2020-04-06 00:00:00+00:00,0.003935777,0.183208247
2020-04-07 00:00:00+00:00,0.003754039,-0.041247255
2020-04-08 00:00:00+00:00,0.002629906,0.052034346
2020-04-09 00:00:00+00:00,0.001399647,-0.021043591
2020-04-10 00:00:00+00:00,0.003240006,-0.071099022
2020-04-11 00:00:00+00:00,0.001283377,0.003031454
2020-04-12 00:00:00+00:00,0.001274997,0.00182706
2020-04-13 00:00:00+00:00,0.002862502,-0.013370284
2020-04-14 00:00:00+00:00,0.001357626,0.011984545
2020-04-15 00:00:00+00:00,0.00125307,-0.037766996
2020-04-16 00:00:00+00:00,0.005406502,0.121753527
2020-04-17 00:00:00+00:00,0.001488235,-0.009666975
2020-04-18 00:00:00+00:00,0.002520269,0.094783387
2020-04-19 00:00:00+00:00,0.002197789,-0.040682287
2020-04-20 00:00:00+00:00,0.003287173,-0.056385877
2020-04-21 00:00:00+00:00,0.001807157,0.003337533
2020-04-22 00:00:00+00:00,0.001227136,0.068014236
2020-04-23 00:00:00+00:00,0.002201884,0.013829979
2020-04-24 00:00:00+00:00,0.00103025,0.011673493
2020-04-25 00:00:00+00:00,0.001258645,0.034430231
2020-04-26 00:00:00+00:00,0.000821213,0.017387309
2020-04-27 00:00:00+00:00,0.000965885,-0.005321723
2020-04-28 00:00:00+00:00,0.000851443,-0.000559156
2020-04-29 00:00:00+00:00,0.001971895,0.092175896
2020-04-30 00:00:00+00:00,0.005197124,-0.044711043
2020-05-01 00:00:00+00:00,0.001527318,0.028018662
2020-05-02 00:00:00+00:00,0.000644589,0.010132845
2020-05-03 00:00:00+00:00,0.001300636,-0.018893822
2020-05-04 00:00:00+00:00,0.002857631,-0.016207499
2020-05-05 00:00:00+00:00,0.001615521,-0.006936893
2020-05-06 00:00:00+00:00,0.001334192,-0.030545026
2020-05-07 00:00:00+00:00,0.002240631,0.064381671
2020-05-08 00:00:00+00:00,0.001252419,-0.004291548
2020-05-09 00:00:00+00:00,0.000847957,-0.007542909
2020-05-10 00:00:00+00:00,0.012897836,-0.11210277
2020-05-11 00:00:00+00:00,0.003572635,-0.009634502
2020-05-12 00:00:00+00:00,0.00118142,0.022179991
2020-05-13 00:00:00+00:00,0.001021508,0.050367037
2020-05-14 00:00:00+00:00,0.001731858,0.017257197
2020-05-15 00:00:00+00:00,0.001333504,-0.043714571
2020-05-16 00:00:00+00:00,0.000924089,0.029503949
2020-05-17 00:00:00+00:00,0.000787467,0.031996449
2020-05-18 00:00:00+00:00,0.001337921,0.036886708
2020-05-19 00:00:00+00:00,0.000878397,-0.000558737
2020-05-20 00:00:00+00:00,0.00073376,-0.022371244
2020-05-21 00:00:00+00:00,0.001672208,-0.055523585
2020-05-22 00:00:00+00:00,0.001101237,0.042870042
2020-05-23 00:00:00+00:00,0.000806571,-0.003188563
2020-05-24 00:00:00+00:00,0.00117139,-0.034609278
2020-05-25 00:00:00+00:00,0.000732096,0.021948415
2020-05-26 00:00:00+00:00,0.000616291,-0.015557022
2020-05-27 00:00:00+00:00,0.000462471,0.036650247
2020-05-28 00:00:00+00:00,0.000668018,0.056118256
2020-05-29 00:00:00+00:00,0.001075898,0.000816216
2020-05-30 00:00:00+00:00,0.002269256,0.100070508
2020-05-31 00:00:00+00:00,0.001565154,-0.051759628
2020-06-01 00:00:00+00:00,0.001512222,0.070327962
2020-06-02 00:00:00+00:00,0.006232351,-0.044029164
2020-06-03 00:00:00+00:00,0.000810449,0.02857278
2020-06-04 00:00:00+00:00,0.001122818,-0.005822313
2020-06-05 00:00:00+00:00,0.000989282,-0.012996334
2020-06-06 00:00:00+00:00,0.000567589,0.008049502
2020-06-07 00:00:00+00:00,0.00073952,0.011627321
2020-06-08 00:00:00+00:00,0.000409428,0.007082413
2020-06-09 00:00:00+00:00,0.001503598,-0.010273644
2020-06-10 00:00:00+00:00,0.000844122,0.01621822
2020-06-11 00:00:00+00:00,0.002432574,-0.074778118
2020-06-12 00:00:00+00:00,0.000701929,0.031562661
2020-06-13 00:00:00+00:00,0.000334094,0.002690773
2020-06-14 00:00:00+00:00,0.000503943,-0.029096215
2020-06-15 00:00:00+00:00,0.001432773,-0.001557363
2020-06-16 00:00:00+00:00,0.000616363,0.01870015
2020-06-17 00:00:00+00:00,0.000507951,-0.006950247
2020-06-18 00:00:00+00:00,0.000410385,-0.011446893
2020-06-19 00:00:00+00:00,0.000488191,-0.010397953
2020-06-20 00:00:00+00:00,0.000204928,0.000612075
2020-06-21 00:00:00+00:00,0.000179633,-0.004336311
2020-06-22 00:00:00+00:00,0.00066325,0.06549555
2020-06-23 00:00:00+00:00,0.000371117,-0.000452349
2020-06-24 00:00:00+00:00,0.00110582,-0.036355457
2020-06-25 00:00:00+00:00,0.000767539,-0.009213101
2020-06-26 00:00:00+00:00,0.000608804,-0.012345034
2020-06-27 00:00:00+00:00,0.000946072,-0.038565419
2020-06-28 00:00:00+00:00,0.000705159,0.017957028
2020-06-29 00:00:00+00:00,0.000587602,0.013478782
2020-06-30 00:00:00+00:00,0.000442832,-0.010280485
2020-07-01 00:00:00+00:00,0.000438353,0.024316109
2020-07-02 00:00:00+00:00,0.000710285,-0.019890931
2020-07-03 00:00:00+00:00,0.000310734,-0.006289607
2020-07-04 00:00:00+00:00,0.000237889,0.018838585
2020-07-05 00:00:00+00:00,0.000395024,-0.007308407
2020-07-06 00:00:00+00:00,0.000603798,0.059593186
2020-07-07 00:00:00+00:00,0.00060691,-0.009479926
2020-07-08 00:00:00+00:00,0.000788404,0.031944506
2020-07-09 00:00:00+00:00,0.000624901,-0.021017252
2020-07-10 00:00:00+00:00,0.000434549,-0.003311261
2020-07-11 00:00:00+00:00,0.000207813,-0.008451869
2020-07-12 00:00:00+00:00,0.00057862,0.015104648
2020-07-13 00:00:00+00:00,0.000453547,-0.013976381
2020-07-14 00:00:00+00:00,0.000330576,0.004126123
2020-07-15 00:00:00+00:00,0.000213342,-0.008772719
2020-07-16 00:00:00+00:00,0.000555595,-0.020859704
2020-07-17 00:00:00+00:00,0.000213799,-0.003046494
2020-07-18 00:00:00+00:00,0.000140428,0.013191508
2020-07-19 00:00:00+00:00,0.000197441,0.014233018
2020-07-20 00:00:00+00:00,0.000239505,-0.012919152
2020-07-21 00:00:00+00:00,0.000384814,0.040588168
2020-07-22 00:00:00+00:00,0.002932821,0.072165535
2020-07-23 00:00:00+00:00,0.001458038,0.042231626
2020-07-24 00:00:00+00:00,0.001344143,0.014083472
2020-07-25 00:00:00+00:00,0.002218474,0.089149129
2020-07-26 00:00:00+00:00,0.002629811,0.018444308
2020-07-27 00:00:00+00:00,0.005102847,0.034378928
2020-07-28 00:00:00+00:00,0.002444596,-0.014535367
2020-07-29 00:00:00+00:00,0.001268747,0.001793158
2020-07-30 00:00:00+00:00,0.001392888,0.052501076
2020-07-31 00:00:00+00:00,0.001688465,0.033865763
2020-08-01 00:00:00+00:00,0.002843446,0.110536511
2020-08-02 00:00:00+00:00,0.013043637,-0.03999954
2020-08-03 00:00:00+00:00,0.002798864,0.036948944
2020-08-04 00:00:00+00:00,0.001866567,0.009303591
2020-08-05 00:00:00+00:00,0.001524021,0.028774234
2020-08-06 00:00:00+00:00,0.000745768,-0.014890606
2020-08-07 00:00:00+00:00,0.002215736,-0.040081233
2020-08-08 00:00:00+00:00,0.001045495,0.04570695
2020-08-09 00:00:00+00:00,0.001285105,-0.018022622
2020-08-10 00:00:00+00:00,0.001401903,0.013661032
2020-08-11 00:00:00+00:00,0.002042483,-0.043638969
2020-08-12 00:00:00+00:00,0.001219735,0.021799299
2020-08-13 00:00:00+00:00,0.003817989,0.092929151
2020-08-14 00:00:00+00:00,0.001835917,0.032164112
2020-08-15 00:00:00+00:00,0.001141816,-0.014414168
2020-08-16 00:00:00+00:00,0.001425228,0.002655124
2020-08-17 00:00:00+00:00,0.001985666,-0.00508554
2020-08-18 00:00:00+00:00,0.001506106,-0.021527869
2020-08-19 00:00:00+00:00,0.002692755,-0.035477874
2020-08-20 00:00:00+00:00,0.001198622,0.020231167
2020-08-21 00:00:00+00:00,0.00206643,-0.069358737
2020-08-22 00:00:00+00:00,0.001121271,0.019319957
2020-08-23 00:00:00+00:00,0.0008245,-0.012590941
2020-08-24 00:00:00+00:00,0.000988017,0.043698035
2020-08-25 00:00:00+00:00,0.002177358,-0.062665012
2020-08-26 00:00:00+00:00,0.001159385,0.007200166
2020-08-27 00:00:00+00:00,0.001559802,-0.007774249
2020-08-28 00:00:00+00:00,0.000822456,0.031752777
2020-08-29 00:00:00+00:00,0.000610716,0.0078333
2020-08-30 00:00:00+00:00,0.000753582,0.073408818
2020-08-31 00:00:00+00:00,0.001046439,0.011473997
2020-09-01 00:00:00+00:00,0.0026918,0.091723039
2020-09-02 00:00:00+00:00,0.005682923,-0.077693904
2020-09-03 00:00:00+00:00,0.006217285,-0.139960817
2020-09-04 00:00:00+00:00,0.006786861,0.016102823
2020-09-05 00:00:00+00:00,0.016155687,-0.148055836
2020-09-06 00:00:00+00:00,0.007749026,0.050909936
2020-09-07 00:00:00+00:00,0.004807323,0.002661082
2020-09-08 00:00:00+00:00,0.004748038,-0.046971119
2020-09-09 00:00:00+00:00,0.002195044,0.039564834
2020-09-10 00:00:00+00:00,0.002962021,0.047174885
2020-09-11 00:00:00+00:00,0.001760101,0.015822646
2020-09-12 00:00:00+00:00,0.001205619,0.036446915
2020-09-13 00:00:00+00:00,0.00172728,-0.05629875
2020-09-14 00:00:00+00:00,0.002274985,0.028770839
2020-09-15 00:00:00+00:00,0.001540715,-0.03528445
2020-09-16 00:00:00+00:00,0.001220854,0.002824125
2020-09-17 00:00:00+00:00,0.001868575,0.064208195
2020-09-18 00:00:00+00:00,0.00105212,-0.012427655
2020-09-19 00:00:00+00:00,0.000611057,0.001532727
2020-09-20 00:00:00+00:00,0.000937802,-0.038474425
2020-09-21 00:00:00+00:00,0.002331524,-0.086097039
2020-09-22 00:00:00+00:00,0.001551621,0.012128091
2020-09-23 00:00:00+00:00,0.001851322,-0.071109376
2020-09-24 00:00:00+00:00,0.001845084,0.085185178
2020-09-25 00:00:00+00:00,0.001373211,0.008470639
2020-09-26 00:00:00+00:00,0.000819056,0.005720451
2020-09-27 00:00:00+00:00,0.000842201,0.009611135
2020-09-28 00:00:00+00:00,0.000982309,-0.010232569
2020-09-29 00:00:00+00:00,0.000620428,0.016783572
2020-09-30 00:00:00+00:00,0.000492242,-2.77859E-05
2020-10-01 00:00:00+00:00,0.001373042,-0.019613699
2020-10-02 00:00:00+00:00,0.001238392,-0.020613384
2020-10-03 00:00:00+00:00,0.000402204,0.001387524
2020-10-04 00:00:00+00:00,0.000342122,0.018035012
2020-10-05 00:00:00+00:00,0.000303514,0.003540027
2020-10-06 00:00:00+00:00,0.000993876,-0.037296802
2020-10-07 00:00:00+00:00,0.000652084,0.002637519
2020-10-08 00:00:00+00:00,0.000538396,0.027623594
2020-10-09 00:00:00+00:00,0.000617875,0.039384948
2020-10-10 00:00:00+00:00,0.000778303,0.014644812
2020-10-11 00:00:00+00:00,0.000437426,0.009743343
2020-10-12 00:00:00+00:00,0.00128652,0.032481308
2020-10-13 00:00:00+00:00,0.000811222,-0.0139826
2020-10-14 00:00:00+00:00,0.000674419,-0.006312986
2020-10-15 00:00:00+00:00,0.000639664,-0.002721593
2020-10-16 00:00:00+00:00,0.001105107,-0.033277674
2020-10-17 00:00:00+00:00,0.000295303,0.007928657
2020-10-18 00:00:00+00:00,0.000212093,0.027040975
2020-10-19 00:00:00+00:00,0.000333012,0.002058211
2020-10-20 00:00:00+00:00,0.000929681,-0.028204016
2020-10-21 00:00:00+00:00,0.001271307,0.059780535
2020-10-22 00:00:00+00:00,0.001443932,0.057493226
2020-10-23 00:00:00+00:00,0.000761009,-0.012569625
2020-10-24 00:00:00+00:00,0.000438727,0.007444384
2020-10-25 00:00:00+00:00,0.000507848,-0.014944603
2020-10-26 00:00:00+00:00,0.001098638,-0.033370614
2020-10-27 00:00:00+00:00,0.000695627,0.031597652
2020-10-28 00:00:00+00:00,0.001367472,-0.043084826
2020-10-29 00:00:00+00:00,0.000803692,-0.002653854
2020-10-30 00:00:00+00:00,0.001171454,-0.012539593
2020-10-31 00:00:00+00:00,0.000735734,0.010318346
2020-11-01 00:00:00+00:00,0.000548614,0.025956922
2020-11-02 00:00:00+00:00,0.001159937,-0.034813318
2020-11-03 00:00:00+00:00,0.000816984,0.012933505
2020-11-04 00:00:00+00:00,0.001627406,0.03755337
2020-11-05 00:00:00+00:00,0.002117211,0.0341107
2020-11-06 00:00:00+00:00,0.00269468,0.090423421
2020-11-07 00:00:00+00:00,0.003129185,-0.046619086
2020-11-08 00:00:00+00:00,0.001304666,0.042141761
2020-11-09 00:00:00+00:00,0.001641816,-0.021792684
2020-11-10 00:00:00+00:00,0.0011348,0.013576183
2020-11-11 00:00:00+00:00,0.001422197,0.028208456
2020-11-12 00:00:00+00:00,0.001276965,-0.001748007
2020-11-13 00:00:00+00:00,0.000823629,0.030126092
2020-11-14 00:00:00+00:00,0.000704748,-0.034064895
2020-11-15 00:00:00+00:00,0.000817885,-0.027658016
2020-11-16 00:00:00+00:00,0.000808667,0.026985572
2020-11-17 00:00:00+00:00,0.000991472,0.046281298
2020-11-18 00:00:00+00:00,0.002823922,-0.007736822
2020-11-19 00:00:00+00:00,0.000703963,-0.014807607
2020-11-20 00:00:00+00:00,0.001623826,0.078444028
2020-11-21 00:00:00+00:00,0.00206823,0.080231068
2020-11-22 00:00:00+00:00,0.003562997,0.013915423
2020-11-23 00:00:00+00:00,0.004784122,0.082845108
2020-11-24 00:00:00+00:00,0.003897869,-0.006273123
2020-11-25 00:00:00+00:00,0.002585348,-0.062460686
2020-11-26 00:00:00+00:00,0.011491496,-0.089028853
2020-11-27 00:00:00+00:00,0.003000069,-0.002443695
2020-11-28 00:00:00+00:00,0.001517319,0.036024251
2020-11-29 00:00:00+00:00,0.001453949,0.069363235
2020-11-30 00:00:00+00:00,0.003152869,0.067442788
2020-12-01 00:00:00+00:00,0.007643537,-0.051498041
2020-12-02 00:00:00+00:00,0.002312926,0.019132223
2020-12-03 00:00:00+00:00,0.00158839,0.031798396
2020-12-04 00:00:00+00:00,0.001948646,-0.082884657
2020-12-05 00:00:00+00:00,0.000989391,0.050985812
2020-12-06 00:00:00+00:00,0.000912372,0.007771628
2020-12-07 00:00:00+00:00,0.000650177,-0.017563422
2020-12-08 00:00:00+00:00,0.001436445,-0.0640213
2020-12-09 00:00:00+00:00,0.00221975,0.032959009
2020-12-10 00:00:00+00:00,0.001421505,-0.026616398
2020-12-11 00:00:00+00:00,0.001623209,-0.025560323
2020-12-12 00:00:00+00:00,0.000722191,0.043875593
2020-12-13 00:00:00+00:00,0.000960984,0.038145371
2020-12-14 00:00:00+00:00,0.000744583,-0.007407819
2020-12-15 00:00:00+00:00,0.000597513,0.004576901
2020-12-16 00:00:00+00:00,0.001586413,0.079744937
2020-12-17 00:00:00+00:00,0.005079627,0.008413052
2020-12-18 00:00:00+00:00,0.002004883,0.01739603
2020-12-19 00:00:00+00:00,0.001079379,0.006546818
2020-12-20 00:00:00+00:00,0.001446395,-0.031697789
2020-12-21 00:00:00+00:00,0.002560265,-0.048675039
2020-12-22 00:00:00+00:00,0.001693563,0.046197034
2020-12-23 00:00:00+00:00,0.005163009,-0.084687177
2020-12-24 00:00:00+00:00,0.002749877,0.045373498
2020-12-25 00:00:00+00:00,0.001708327,0.023374375
2020-12-26 00:00:00+00:00,0.00176947,0.015468102
2020-12-27 00:00:00+00:00,0.005518546,0.072117501
2020-12-28 00:00:00+00:00,0.004665553,0.06450015
2020-12-29 00:00:00+00:00,0.003239051,0.002819101
2020-12-30 00:00:00+00:00,0.00172327,0.028426696
2020-12-31 00:00:00+00:00,0.001630118,-0.020382717
2021-01-01 00:00:00+00:00,0.001046807,-0.00909679
2021-01-02 00:00:00+00:00,0.002760547,0.058850271
2021-01-03 00:00:00+00:00,0.011907662,0.234751399
2021-01-04 00:00:00+00:00,0.027845857,0.061260389
2021-01-05 00:00:00+00:00,0.01457214,0.057188793
2021-01-06 00:00:00+00:00,0.009050984,0.093593036
2021-01-07 00:00:00+00:00,0.008456437,0.012560837
2021-01-08 00:00:00+00:00,0.015891119,-0.008172861
2021-01-09 00:00:00+00:00,0.005660245,0.051315884
2021-01-10 00:00:00+00:00,0.010454184,-0.020753096
2021-01-11 00:00:00+00:00,0.050434774,-0.142172165
2021-01-12 00:00:00+00:00,0.013036186,-0.036476844
2021-01-13 00:00:00+00:00,0.008554459,0.074335203
2021-01-14 00:00:00+00:00,0.005128233,0.085161418
2021-01-15 00:00:00+00:00,0.009817366,-0.052708268
2021-01-16 00:00:00+00:00,0.006200557,0.049307761
2021-01-17 00:00:00+00:00,0.004860799,0.004755855
2021-01-18 00:00:00+00:00,0.002670439,0.02046253
2021-01-19 00:00:00+00:00,0.006448023,0.083474415
2021-01-20 00:00:00+00:00,0.00708441,0.006441011
2021-01-21 00:00:00+00:00,0.012452946,-0.214901652
2021-01-22 00:00:00+00:00,0.010837563,0.105018306
2021-01-23 00:00:00+00:00,0.003437074,0.000769807
2021-01-24 00:00:00+00:00,0.003548923,0.121470781
2021-01-25 00:00:00+00:00,0.005854525,-0.056084638
2021-01-26 00:00:00+00:00,0.006507302,0.037242525
2021-01-27 00:00:00+00:00,0.007220876,-0.097449926
2021-01-28 00:00:00+00:00,0.003943198,0.071689293
2021-01-29 00:00:00+00:00,0.008023996,0.034414725
2021-01-30 00:00:00+00:00,0.002546318,9.42073E-05
2021-01-31 00:00:00+00:00,0.001954856,-0.049053242
2021-02-01 00:00:00+00:00,0.002389389,0.045132523
2021-02-02 00:00:00+00:00,0.004221822,0.096374386
2021-02-03 00:00:00+00:00,0.003070485,0.0975197
2021-02-04 00:00:00+00:00,0.003978623,-0.04358566
2021-02-05 00:00:00+00:00,0.003015655,0.074469174
2021-02-06 00:00:00+00:00,0.002470446,-0.024283501
2021-02-07 00:00:00+00:00,0.004194811,-0.0391238
2021-02-08 00:00:00+00:00,0.004285551,0.081784117
2021-02-09 00:00:00+00:00,0.003644356,0.010881945
2021-02-10 00:00:00+00:00,0.00418627,-0.016631536
2021-02-11 00:00:00+00:00,0.001876654,0.025149686
2021-02-12 00:00:00+00:00,0.001656838,0.031761986
2021-02-13 00:00:00+00:00,0.001786328,-0.014736781
2021-02-14 00:00:00+00:00,0.000977139,-0.007874665
2021-02-15 00:00:00+00:00,0.00349369,-0.013467973
2021-02-16 00:00:00+00:00,0.002325242,0.001319636
2021-02-17 00:00:00+00:00,0.001340113,0.038546642
2021-02-18 00:00:00+00:00,0.001436968,0.046236253
2021-02-19 00:00:00+00:00,0.001138542,0.00925771
2021-02-20 00:00:00+00:00,0.00334367,-0.021802296
2021-02-21 00:00:00+00:00,0.001920802,0.010444054
2021-02-22 00:00:00+00:00,0.011670698,-0.084541585
2021-02-23 00:00:00+00:00,0.028537823,-0.119809787
2021-02-24 00:00:00+00:00,0.008447601,0.029641929
2021-02-25 00:00:00+00:00,0.005017424,-0.091881621
2021-02-26 00:00:00+00:00,0.007497533,-0.025576912
2021-02-27 00:00:00+00:00,0.004596636,0.010592889
2021-02-28 00:00:00+00:00,0.008457093,-0.026748375
2021-03-01 00:00:00+00:00,0.003072462,0.100155788
2021-03-02 00:00:00+00:00,0.004133896,-0.054572779
2021-03-03 00:00:00+00:00,0.003291249,0.052050227
2021-03-04 00:00:00+00:00,0.003965974,-0.018130535
2021-03-05 00:00:00+00:00,0.003361982,-0.007084901
2021-03-06 00:00:00+00:00,0.002574018,0.077387568
2021-03-07 00:00:00+00:00,0.002262714,0.045208213
2021-03-08 00:00:00+00:00,0.002571354,0.059723595
2021-03-09 00:00:00+00:00,0.001872677,0.020186464
2021-03-10 00:00:00+00:00,0.003133084,-0.041790907
2021-03-11 00:00:00+00:00,0.002805636,0.017486042
2021-03-12 00:00:00+00:00,0.002732697,-0.032966992
2021-03-13 00:00:00+00:00,0.002027465,0.083433197
2021-03-14 00:00:00+00:00,0.00150496,-0.038572509
2021-03-15 00:00:00+00:00,0.00268334,-0.029546849
2021-03-16 00:00:00+00:00,0.002336983,0.006087048
2021-03-17 00:00:00+00:00,0.001174411,0.010306445
2021-03-18 00:00:00+00:00,0.001159009,-0.026848667
2021-03-19 00:00:00+00:00,0.001234721,0.018395401
2021-03-20 00:00:00+00:00,0.000660232,-0.00160958
2021-03-21 00:00:00+00:00,0.000998145,-0.012516631
2021-03-22 00:00:00+00:00,0.001799896,-0.059457282
2021-03-23 00:00:00+00:00,0.001507847,-0.007721493
2021-03-24 00:00:00+00:00,0.003130659,-0.053122142
2021-03-25 00:00:00+00:00,0.00313556,0.003338733
2021-03-26 00:00:00+00:00,0.001024471,0.068791223
2021-03-27 00:00:00+00:00,0.00084539,0.008072733
2021-03-28 00:00:00+00:00,0.000820432,-0.015855425
2021-03-29 00:00:00+00:00,0.001169469,0.07358321
2021-03-30 00:00:00+00:00,0.000864027,0.013908217
2021-03-31 00:00:00+00:00,0.001718803,0.041929378
2021-04-01 00:00:00+00:00,0.002070308,0.024885683
2021-04-02 00:00:00+00:00,0.00131133,0.081105883
2021-04-03 00:00:00+00:00,0.002562268,-0.060555234
2021-04-04 00:00:00+00:00,0.001188948,0.032854843
2021-04-05 00:00:00+00:00,0.001189475,0.014639282
2021-04-06 00:00:00+00:00,0.001579176,0.002853096
2021-04-07 00:00:00+00:00,0.002813537,-0.073008428
2021-04-08 00:00:00+00:00,0.001004937,0.057887583
2021-04-09 00:00:00+00:00,0.000588055,-0.007359002
2021-04-10 00:00:00+00:00,0.001293335,0.031938053
2021-04-11 00:00:00+00:00,0.00089773,0.008152029
2021-04-12 00:00:00+00:00,0.001137192,-0.005834129
2021-04-13 00:00:00+00:00,0.001519667,0.072989495
2021-04-14 00:00:00+00:00,0.003549807,0.056061639
2021-04-15 00:00:00+00:00,0.001780126,0.034143656
2021-04-16 00:00:00+00:00,0.003865149,-0.036572051
2021-04-17 00:00:00+00:00,0.002075031,-0.045500901
2021-04-18 00:00:00+00:00,0.015994452,-0.033879245
2021-04-19 00:00:00+00:00,0.003867213,-0.035252261
2021-04-20 00:00:00+00:00,0.004955434,0.075108347
2021-04-21 00:00:00+00:00,0.004000847,0.010495191
2021-04-22 00:00:00+00:00,0.008498327,0.017985854
2021-04-23 00:00:00+00:00,0.012562145,-0.012553519
2021-04-24 00:00:00+00:00,0.004906745,-0.066882426
2021-04-25 00:00:00+00:00,0.004297592,0.046469161
2021-04-26 00:00:00+00:00,0.004140151,0.087301295
2021-04-27 00:00:00+00:00,0.002198376,0.051477571
2021-04-28 00:00:00+00:00,0.003003688,0.030902274
2021-04-29 00:00:00+00:00,0.001870159,0.002660372
2021-04-30 00:00:00+00:00,0.001211009,0.006333834
2021-05-01 00:00:00+00:00,0.00109175,0.060265868
2021-05-02 00:00:00+00:00,0.000964826,0.001074392
2021-05-03 00:00:00+00:00,0.002750925,0.151209456
2021-05-04 00:00:00+00:00,0.008049995,-0.058146434
2021-05-05 00:00:00+00:00,0.003586919,0.085712956
2021-05-06 00:00:00+00:00,0.00310548,-0.010599981
2021-05-07 00:00:00+00:00,0.002183616,-0.002307434
2021-05-08 00:00:00+00:00,0.002383101,0.117010473
2021-05-09 00:00:00+00:00,0.002951269,0.002849971
2021-05-10 00:00:00+00:00,0.011436971,0.005333928
2021-05-11 00:00:00+00:00,0.004252579,0.0566775
2021-05-12 00:00:00+00:00,0.008558821,-0.088337256
2021-05-13 00:00:00+00:00,0.022738204,-0.028399915
2021-05-14 00:00:00+00:00,0.004221649,0.092705323
2021-05-15 00:00:00+00:00,0.005229022,-0.111620848
2021-05-16 00:00:00+00:00,0.007438012,-0.01766973
2021-05-17 00:00:00+00:00,0.010958336,-0.088076296
2021-05-18 00:00:00+00:00,0.007040182,0.027824623
2021-05-19 00:00:00+00:00,0.155359859,-0.323080513
2021-05-20 00:00:00+00:00,0.02933029,0.127076756
2021-05-21 00:00:00+00:00,0.028085604,-0.130786712
2021-05-22 00:00:00+00:00,0.014347167,-0.058202623
2021-05-23 00:00:00+00:00,0.033372624,-0.089949312
2021-05-24 00:00:00+00:00,0.018207014,0.23329013
2021-05-25 00:00:00+00:00,0.014782961,0.021020405
2021-05-26 00:00:00+00:00,0.00771791,0.065153277
2021-05-27 00:00:00+00:00,0.00622373,-0.051234287
2021-05-28 00:00:00+00:00,0.009492651,-0.128760438
2021-05-29 00:00:00+00:00,0.008673311,-0.056715229
2021-05-30 00:00:00+00:00,0.005797905,0.045822624
2021-05-31 00:00:00+00:00,0.005354886,0.125571532
2021-06-01 00:00:00+00:00,0.004872086,-0.027222295
2021-06-02 00:00:00+00:00,0.002523874,0.027044969
2021-06-03 00:00:00+00:00,0.002829592,0.053952098
2021-06-04 00:00:00+00:00,0.004227727,-0.059866162
2021-06-05 00:00:00+00:00,0.003533923,-0.022905165
2021-06-06 00:00:00+00:00,0.001692909,0.03041772
2021-06-07 00:00:00+00:00,0.002848115,-0.044695415
2021-06-08 00:00:00+00:00,0.006352439,-0.032682981
2021-06-09 00:00:00+00:00,0.005301809,0.039908584
2021-06-10 00:00:00+00:00,0.002358133,-0.054975025
2021-06-11 00:00:00+00:00,0.002098394,-0.048206298
2021-06-12 00:00:00+00:00,0.002851307,0.006863079
2021-06-13 00:00:00+00:00,0.002141082,0.056855933
2021-06-14 00:00:00+00:00,0.001430797,0.02852293
2021-06-15 00:00:00+00:00,0.001552277,-0.015324775
2021-06-16 00:00:00+00:00,0.001613181,-0.071640847
2021-06-17 00:00:00+00:00,0.001528767,0.002362342
2021-06-18 00:00:00+00:00,0.002496331,-0.060289969
2021-06-19 00:00:00+00:00,0.001728068,-0.031713041
2021-06-20 00:00:00+00:00,0.002333633,0.035478649
2021-06-21 00:00:00+00:00,0.009873698,-0.173486476
2021-06-22 00:00:00+00:00,0.009243614,-0.002134144
2021-06-23 00:00:00+00:00,0.004404371,0.045056738
2021-06-24 00:00:00+00:00,0.002228691,0.010330681
2021-06-25 00:00:00+00:00,0.00432986,-0.094723569
2021-06-26 00:00:00+00:00,0.003697805,0.011049411
2021-06-27 00:00:00+00:00,0.00289521,0.081610496
2021-06-28 00:00:00+00:00,0.003239394,0.048715543
2021-06-29 00:00:00+00:00,0.002219316,0.038776897
2021-06-30 00:00:00+00:00,0.003097728,0.049770563
2021-07-01 00:00:00+00:00,0.003375792,-0.07746593
2021-07-02 00:00:00+00:00,0.0021773,0.022984772
2021-07-03 00:00:00+00:00,0.001382839,0.032378283
2021-07-04 00:00:00+00:00,0.001426929,0.042291087
2021-07-05 00:00:00+00:00,0.002585212,-0.055676485
2021-07-06 00:00:00+00:00,0.002541308,0.055112437
2021-07-07 00:00:00+00:00,0.001572914,-0.002164419
2021-07-08 00:00:00+00:00,0.002237265,-0.090219182
2021-07-09 00:00:00+00:00,0.002225677,0.014272121
2021-07-10 00:00:00+00:00,0.001546037,-0.017299917
2021-07-11 00:00:00+00:00,0.000821252,0.014240356
2021-07-12 00:00:00+00:00,0.00111095,-0.052798523
2021-07-13 00:00:00+00:00,0.001601489,-0.045310761
2021-07-14 00:00:00+00:00,0.002595511,0.027118187
2021-07-15 00:00:00+00:00,0.002518434,-0.038878363
2021-07-16 00:00:00+00:00,0.001823656,-0.021527513
2021-07-17 00:00:00+00:00,0.00124816,0.01193034
2021-07-18 00:00:00+00:00,0.00145398,-0.004373281
2021-07-19 00:00:00+00:00,0.001249006,-0.039370027
2021-07-20 00:00:00+00:00,0.002351474,-0.017742983
2021-07-21 00:00:00+00:00,0.002700531,0.110999346
2021-07-22 00:00:00+00:00,0.002113789,0.014210882
2021-07-23 00:00:00+00:00,0.001322082,0.04870667
2021-07-24 00:00:00+00:00,0.001141603,0.02789761
2021-07-25 00:00:00+00:00,0.001114964,0.003233633
2021-07-26 00:00:00+00:00,0.005052652,0.015936863
2021-07-27 00:00:00+00:00,0.003224345,0.0319446
2021-07-28 00:00:00+00:00,0.002452892,-7.38968E-05
2021-07-29 00:00:00+00:00,0.000944237,0.035402759
2021-07-30 00:00:00+00:00,0.001504709,0.033250987
2021-07-31 00:00:00+00:00,0.001082041,0.027951012
